RK,Player,Team,Pos,G,AB,R,H,2B,3B,HR,RBI,BB,SO,SB,CS,AVG,OBP,SLG,OPS,IBB,HBP,SAC,SF,TB,XBH,GDP,GO,AO,GO_AO,NP,PA
1,"Carrasco, C",CLE,P,1,1,0,1,0,0,0,0,0,0,0,0,1,1,1,2,0,0,2,0,1,0,0,2,0,*.**,9,3
1,"Pinder, B",NYY,P,2,1,0,1,1,0,0,1,0,0,0,0,1,1,2,3,0,0,0,0,2,1,0,0,0,-.--,1,1
3,"Brett, R",TB,2B,3,3,0,2,1,0,0,0,1,0,0,0,0.667,0.75,1,1.75,0,0,0,0,3,1,0,0,1,0,20,4
3,"Masterson, J",BOS,P,1,3,0,2,0,0,0,1,0,1,0,0,0.667,0.667,0.667,1.333,0,0,0,0,2,0,0,0,0,-.--,9,3
3,"Pelfrey, M",MIN,P,2,3,0,2,0,0,0,0,0,1,0,0,0.667,0.667,0.667,1.333,0,0,0,0,2,0,0,0,0,-.--,12,3
6,"Bandy, J",LAA,C,2,2,1,1,0,0,1,1,0,0,0,0,0.5,0.5,2,2.5,0,0,0,0,4,1,0,0,1,0,8,2
6,"Feldman, S",HOU,P,1,2,0,1,0,0,0,0,0,1,0,0,0.5,0.5,0.5,1,0,0,0,0,1,0,0,0,0,-.--,10,2
6,"Gallardo, Y",TEX,P,2,4,0,2,1,0,0,0,0,1,0,0,0.5,0.5,0.75,1.25,0,0,0,0,3,1,0,1,0,*.**,16,4
6,"Noel, R",NYY,CF,15,2,5,1,0,0,0,0,0,0,5,2,0.5,0.5,0.5,1,0,0,0,0,1,0,0,1,0,*.**,6,2
6,"Norris, D",DET,P,1,2,1,1,0,0,1,2,1,1,0,0,0.5,0.667,2,2.667,0,0,0,0,4,1,0,0,0,-.--,11,3
6,"Nuno, V",SEA,P,4,2,0,1,0,0,0,1,0,0,0,0,0.5,0.5,0.5,1,0,0,0,0,1,0,0,1,0,*.**,6,2
6,"Rodriguez, W",KC,P,1,2,1,1,0,0,0,0,0,0,0,0,0.5,0.5,0.5,1,0,0,0,0,1,0,0,1,0,*.**,8,2
6,"Samardzija, J",CWS,P,1,2,0,1,0,0,0,0,0,1,0,0,0.5,0.5,0.5,1,0,0,0,0,1,0,0,0,0,-.--,13,2
6,"Wright, Jr., D",BAL,P,2,2,0,1,0,0,0,0,0,1,0,0,0.5,0.5,0.5,1,0,0,1,0,1,0,0,1,0,*.**,8,3
6,"Young, C",KC,P,3,4,0,2,0,0,0,3,0,1,0,0,0.5,0.5,0.5,1,0,0,0,0,2,0,0,1,0,*.**,9,4
16,"Anderson, B",OAK,C,4,5,0,2,0,0,0,1,1,1,0,0,0.4,0.429,0.4,0.829,0,0,1,1,2,0,0,2,2,1,32,8
16,"Heathcott, S",NYY,CF,17,25,6,10,2,0,2,8,2,5,0,1,0.4,0.429,0.72,1.149,0,0,0,1,18,4,0,4,7,0.57,111,30
16,"Stassi, M",HOU,C,11,15,4,6,0,0,1,2,1,5,0,0,0.4,0.438,0.6,1.038,0,0,1,0,9,1,1,4,2,2,66,17
19,"Duffy, M",HOU,3B,8,8,0,3,1,0,0,3,1,2,0,0,0.375,0.444,0.5,0.944,0,0,0,0,4,1,0,2,1,2,49,9
20,"Cabrera, M",DET,1B,119,429,64,145,28,1,18,76,77,82,1,1,0.338,0.44,0.534,0.974,15,3,0,2,229,47,19,120,103,1.17,1985,511
21,"Chavez, J",OAK,P,3,3,0,1,0,0,0,0,0,2,0,0,0.333,0.333,0.333,0.667,0,0,2,0,1,0,0,2,0,*.**,16,5
21,"Estrada, M",TOR,P,2,6,0,2,0,0,0,0,0,2,0,0,0.333,0.333,0.333,0.667,0,0,0,0,2,0,0,2,0,*.**,20,6
21,"Fields, D",DET,LF,1,3,1,1,1,0,0,0,0,2,0,0,0.333,0.333,0.667,1,0,0,0,0,2,1,0,0,0,-.--,15,3
21,"Hamels, C",TEX,P,1,3,0,1,0,0,0,0,0,2,0,0,0.333,0.333,0.333,0.667,0,0,0,0,1,0,0,0,0,-.--,9,3
21,"Marte, A",LAA,LF,5,6,0,2,0,0,0,0,1,1,0,0,0.333,0.5,0.333,0.833,0,1,0,0,2,0,0,2,1,2,31,8
21,"Weeks, J",BOS,2B,3,9,1,3,0,0,0,1,0,2,0,0,0.333,0.333,0.333,0.667,0,0,0,0,3,0,0,2,2,1,44,9
21,"Wilson, C",LAA,P,2,6,0,2,0,0,0,0,0,1,0,0,0.333,0.333,0.333,0.667,0,0,0,0,2,0,0,2,1,2,18,6
28,"Colabello, C",TOR,1B,101,333,55,107,19,1,15,54,22,96,2,0,0.321,0.367,0.52,0.886,0,3,0,2,173,35,12,96,48,2,1372,360
29,"Bogaerts, X",BOS,SS,156,613,84,196,35,3,7,81,32,101,10,2,0.32,0.355,0.421,0.776,1,3,3,3,258,45,16,203,135,1.5,2530,654
30,"Revere, B",TOR,LF,56,226,35,72,9,1,1,19,13,28,7,2,0.319,0.354,0.381,0.734,0,1,3,3,86,11,1,75,58,1.29,841,246
31,"Aguilar, J",CLE,1B,7,19,0,6,1,0,0,2,0,7,0,0,0.316,0.35,0.368,0.718,0,1,0,0,7,1,0,2,4,0.5,80,20
31,"Wilson, J",DET,2B,21,38,4,12,3,0,0,5,0,15,0,0,0.316,0.35,0.395,0.745,0,2,1,0,15,3,1,7,6,1.17,135,41
33,"Altuve, J",HOU,2B,154,638,86,200,40,4,15,66,33,67,38,13,0.313,0.353,0.459,0.812,8,9,3,6,293,59,17,198,199,0.99,2227,689
34,"Blanks, K",TEX,1B,18,67,10,21,5,0,3,6,4,20,1,0,0.313,0.352,0.522,0.875,0,0,0,0,35,8,1,12,15,0.8,279,71
35,"Lindor, F",CLE,SS,99,390,50,122,22,4,12,51,27,69,12,2,0.313,0.353,0.482,0.835,0,1,13,7,188,38,12,136,95,1.43,1578,438
36,"Brantley, M",CLE,LF,137,529,68,164,45,0,15,84,60,51,15,1,0.31,0.379,0.48,0.859,8,2,0,5,254,60,14,177,156,1.13,2149,596
37,"Arencibia, J",TB,C,24,71,9,22,3,0,6,17,1,22,0,0,0.31,0.315,0.606,0.921,0,0,0,1,43,9,1,13,16,0.81,260,73
38,"Cain, L",KC,CF,140,551,101,169,34,6,16,72,37,98,28,6,0.307,0.361,0.477,0.838,4,12,0,4,263,56,16,157,147,1.07,2299,604
39,"Fielder, P",TEX,DH,158,613,78,187,28,0,23,98,64,88,0,0,0.305,0.378,0.463,0.841,14,11,0,5,284,51,21,207,157,1.32,2483,693
40,"Barney, D",TOR,2B,15,23,4,7,1,0,2,4,1,2,0,0,0.304,0.333,0.609,0.942,0,0,2,0,14,3,0,9,7,1.29,88,26
41,"Travis, D",TOR,2B,62,217,38,66,18,0,8,35,18,43,3,1,0.304,0.361,0.498,0.859,0,2,0,1,108,26,4,73,41,1.78,946,238
42,"Kipnis, J",CLE,2B,141,565,86,171,43,7,9,52,57,107,12,8,0.303,0.372,0.451,0.823,6,9,4,6,255,59,5,175,127,1.38,2540,641
43,"Refsnyder, R",NYY,2B,16,43,3,13,3,0,2,5,3,7,2,0,0.302,0.348,0.512,0.859,1,0,0,0,22,5,3,21,5,4.2,184,47
44,"Cruz, N",SEA,DH,152,590,90,178,22,1,44,93,59,164,3,2,0.302,0.369,0.566,0.936,9,5,0,1,334,67,6,142,113,1.26,2632,655
45,"Raburn, R",CLE,LF,82,173,22,52,16,1,8,29,23,44,0,0,0.301,0.393,0.543,0.936,3,4,0,1,94,25,5,48,35,1.37,853,201
46,"Iglesias, J",DET,SS,120,416,44,125,17,3,2,23,25,44,11,8,0.3,0.347,0.37,0.717,2,6,4,3,154,22,10,165,99,1.67,1690,454
47,"Polanco, J",MIN,SS,4,10,1,3,0,0,0,1,2,1,1,0,0.3,0.417,0.3,0.717,0,0,0,0,3,0,0,4,2,2,47,12
48,"Trout, M",LAA,CF,159,575,104,172,32,6,41,90,92,158,11,7,0.299,0.402,0.59,0.991,14,10,0,5,339,79,11,123,138,0.89,2980,682
49,"Hosmer, E",KC,1B,158,599,98,178,33,5,18,93,61,108,7,3,0.297,0.363,0.459,0.822,6,3,1,3,275,56,16,211,122,1.73,2557,667
50,"Donaldson, J",TOR,3B,158,620,122,184,41,2,41,123,73,133,6,0,0.297,0.371,0.568,0.939,0,6,2,10,352,84,16,184,147,1.25,2817,711
51,"Kinsler, I",DET,2B,154,624,94,185,35,7,11,73,43,80,10,6,0.296,0.342,0.428,0.77,0,3,0,5,267,53,13,151,228,0.66,2526,675
52,"Mahtook, M",TB,CF,41,105,22,31,5,1,9,19,6,31,4,3,0.295,0.351,0.619,0.97,0,3,1,0,65,15,0,20,24,0.83,460,115
53,"Thompson, T",CWS,CF,44,122,17,36,8,3,5,16,13,26,1,0,0.295,0.363,0.533,0.896,0,0,0,0,65,16,3,36,27,1.33,555,135
54,"Burns, B",OAK,CF,125,520,70,153,18,9,5,42,26,81,26,8,0.294,0.334,0.392,0.726,1,6,1,2,204,32,5,159,135,1.18,1943,555
55,"Cespedes, Y",DET,LF,102,403,62,118,28,2,18,61,19,87,3,4,0.293,0.323,0.506,0.829,2,1,0,4,204,48,9,111,100,1.11,1688,427
56,"Gutierrez, F",SEA,LF,59,171,27,50,11,0,15,35,14,54,0,0,0.292,0.354,0.62,0.974,1,3,0,1,106,26,5,41,32,1.28,843,189
57,"Betts, M",BOS,RF,145,597,92,174,42,8,18,77,46,82,21,6,0.291,0.341,0.479,0.82,1,2,3,6,286,68,2,140,212,0.66,2634,654
58,"Pedroia, D",BOS,2B,93,381,46,111,19,1,12,42,38,51,2,2,0.291,0.356,0.441,0.797,1,2,1,3,168,32,6,128,101,1.27,1638,425
59,"Abreu, J",CWS,1B,154,613,88,178,34,3,30,101,39,140,0,0,0.29,0.347,0.502,0.85,11,15,0,1,308,67,16,182,130,1.4,2526,668
60,"Morales, K",KC,DH,158,569,81,165,41,2,22,106,58,103,0,0,0.29,0.362,0.485,0.847,4,8,0,4,276,65,24,195,134,1.46,2442,639
61,"Valencia, D",OAK,3B,105,345,59,100,23,1,18,66,29,80,2,2,0.29,0.345,0.519,0.864,3,1,1,2,179,42,13,121,60,2.02,1386,378
62,"Colon, C",KC,2B,43,107,8,31,5,0,0,6,11,17,3,2,0.29,0.356,0.336,0.692,0,0,1,0,36,5,2,34,28,1.21,474,119
63,"Johnson, C",CLE,3B,27,90,6,26,4,0,1,7,3,25,0,0,0.289,0.312,0.367,0.678,0,0,0,0,33,5,2,26,15,1.73,380,93
64,"Beltre, A",TEX,3B,143,567,83,163,32,4,18,83,41,65,1,0,0.287,0.334,0.453,0.788,4,3,0,8,257,54,18,180,185,0.97,2288,619
65,"Clevenger, S",BAL,C,30,101,11,29,4,2,2,15,4,13,0,0,0.287,0.314,0.426,0.74,1,0,0,0,43,8,3,35,27,1.3,361,105
66,"Eaton, A",CWS,CF,153,610,98,175,28,9,14,56,58,131,18,8,0.287,0.361,0.431,0.792,2,14,5,2,263,51,5,187,129,1.45,2785,689
67,"Cano, R",SEA,2B,156,624,82,179,34,1,21,79,43,107,2,6,0.287,0.334,0.446,0.779,5,3,0,4,278,56,26,240,128,1.88,2445,674
68,"Jaso, J",TB,DH,70,185,23,53,17,0,5,22,28,39,1,2,0.286,0.38,0.459,0.839,1,1,0,2,85,22,5,63,37,1.7,870,216
69,"Machado, M",BAL,3B,162,633,102,181,30,1,35,86,70,111,20,8,0.286,0.359,0.502,0.861,2,4,2,4,318,66,17,187,177,1.06,2789,713
70,"Janish, P",BAL,SS,14,35,4,10,3,0,0,3,0,3,0,0,0.286,0.278,0.371,0.649,0,0,0,1,13,3,0,13,10,1.3,124,36
70,"Williams, M",NYY,CF,8,21,3,6,3,0,1,3,1,3,0,0,0.286,0.318,0.571,0.89,0,0,0,0,12,4,0,8,4,2,74,22
72,"Reyes, J",TOR,SS,69,288,36,82,17,0,4,34,17,38,16,2,0.285,0.322,0.385,0.708,0,0,4,2,111,21,3,84,93,0.9,1077,311
73,"Villar, J",HOU,SS,53,116,18,33,7,1,2,11,10,29,7,2,0.284,0.339,0.414,0.752,0,0,1,1,48,10,3,39,20,1.95,501,128
74,"Moustakas, M",KC,3B,147,549,73,156,34,1,22,82,43,76,1,2,0.284,0.348,0.47,0.817,1,13,4,5,258,57,14,167,173,0.97,2435,614
75,"Rutledge, J",BOS,2B,39,74,11,21,1,0,1,10,5,26,0,0,0.284,0.333,0.338,0.671,1,2,1,3,25,2,0,13,18,0.72,351,85
76,"Marte, K",SEA,SS,57,219,25,62,14,3,2,17,24,43,8,4,0.283,0.351,0.402,0.753,0,0,2,2,88,19,1,69,50,1.38,952,247
77,"Murphy, D",LAA,LF,132,361,38,102,18,1,10,50,20,49,0,2,0.283,0.318,0.421,0.739,1,1,1,5,152,29,6,124,98,1.27,1480,391
78,"Nunez, E",MIN,SS,72,188,23,53,14,1,4,20,12,29,8,4,0.282,0.327,0.431,0.758,0,1,2,1,81,19,1,69,41,1.68,723,204
79,"Martinez, J",DET,RF,158,596,93,168,33,2,38,102,53,178,3,2,0.282,0.344,0.535,0.879,7,5,0,3,319,73,11,110,154,0.71,2605,657
80,"Forsythe, L",TB,2B,153,540,69,152,33,2,17,68,55,111,9,4,0.281,0.359,0.444,0.804,2,14,0,6,240,52,12,132,163,0.81,2540,615
81,"Holaday, B",DET,C,24,64,3,18,5,0,2,13,1,13,0,0,0.281,0.292,0.453,0.745,0,0,0,0,29,7,0,11,22,0.5,253,65
82,"Robertson, D",LAA,LF,37,75,10,21,2,0,0,7,2,7,0,0,0.28,0.299,0.307,0.605,1,0,3,0,23,2,1,27,24,1.13,278,80
83,"Loney, J",TB,1B,104,361,25,101,16,0,4,32,23,34,2,4,0.28,0.322,0.357,0.68,5,1,0,3,129,20,10,117,122,0.96,1306,388
84,"Holt, B",BOS,2B,129,454,56,127,27,6,2,45,46,97,8,1,0.28,0.349,0.379,0.727,0,3,4,2,172,35,7,147,96,1.53,2085,509
85,"Correa, C",HOU,SS,99,387,52,108,22,1,22,68,40,78,14,4,0.279,0.345,0.512,0.857,2,1,0,4,198,45,10,129,86,1.5,1797,432
85,"Gonzalez, M",HOU,LF,120,344,44,96,18,1,12,34,16,74,4,5,0.279,0.317,0.442,0.759,0,3,7,0,152,31,9,105,85,1.24,1310,370
87,"Schoop, J",BAL,2B,86,305,34,85,17,0,15,39,9,79,2,0,0.279,0.306,0.482,0.788,0,4,1,2,147,32,9,81,72,1.13,1122,321
88,"Pillar, K",TOR,CF,159,586,76,163,31,2,12,56,28,85,25,4,0.278,0.314,0.399,0.713,1,5,4,5,234,45,9,168,188,0.89,2262,628
89,"Moreland, M",TEX,1B,132,471,51,131,27,0,23,85,32,112,1,0,0.278,0.33,0.482,0.812,2,7,0,5,227,50,9,136,106,1.28,2033,515
90,"Murphy, J",NYY,C,67,155,21,43,9,1,3,14,12,43,0,0,0.277,0.327,0.406,0.734,0,1,1,3,63,13,4,42,35,1.2,663,172
91,"Encarnacion, E",TOR,DH,146,528,94,146,31,0,39,111,77,98,3,2,0.277,0.372,0.557,0.929,5,9,0,10,294,70,14,147,161,0.91,2517,624
92,"Butler, J",TB,LF,88,257,30,71,12,0,8,30,16,82,5,2,0.276,0.326,0.416,0.742,0,3,0,0,107,20,16,92,28,3.29,1057,276
93,"Zobrist, B",KC,2B,126,467,76,129,36,3,13,56,62,56,3,4,0.276,0.359,0.45,0.809,3,1,0,5,210,52,8,160,135,1.19,2157,535
94,"Beltran, C",NYY,RF,133,478,57,132,34,1,19,67,45,85,0,0,0.276,0.337,0.471,0.808,2,2,0,6,225,54,12,121,158,0.77,2069,531
95,"Arcia, O",MIN,LF,19,58,6,16,0,0,2,8,4,15,0,0,0.276,0.338,0.379,0.718,4,2,0,1,22,2,2,12,18,0.67,224,65
95,"Navarro, R",BAL,2B,10,29,5,8,2,0,1,3,0,3,0,0,0.276,0.276,0.448,0.724,0,0,1,0,13,3,0,4,15,0.27,93,30
97,"Springer, G",HOU,RF,102,388,59,107,19,2,16,41,50,109,16,4,0.276,0.367,0.459,0.826,0,8,2,3,178,37,4,102,79,1.29,1790,451
98,"Choo, S",TEX,RF,149,555,94,153,32,3,22,82,76,147,4,2,0.276,0.375,0.463,0.838,1,15,2,5,257,57,7,174,95,1.83,2606,653
99,"Paredes, J",BAL,DH,104,363,46,100,17,2,10,42,19,111,4,4,0.275,0.31,0.416,0.726,0,0,0,2,151,29,8,97,65,1.49,1408,384
100,"Swihart, B",BOS,C,84,288,47,79,17,1,5,31,18,77,4,2,0.274,0.319,0.392,0.712,0,1,2,0,113,23,8,83,59,1.41,1210,309
101,"Cabrera, M",CWS,LF,158,629,70,172,36,2,12,77,40,88,3,0,0.273,0.314,0.394,0.709,2,2,2,10,248,50,18,214,185,1.16,2572,683
102,"Carrera, E",TOR,LF,91,172,27,47,8,0,3,26,11,45,2,1,0.273,0.321,0.372,0.693,0,2,5,2,64,11,1,63,25,2.52,728,192
103,"Ortiz, D",BOS,DH,146,528,73,144,37,0,37,108,77,95,0,1,0.273,0.36,0.553,0.913,16,0,0,9,292,74,16,156,158,0.99,2488,614
104,"Jackson, A",SEA,CF,107,419,46,114,18,3,8,38,24,107,15,9,0.272,0.312,0.387,0.699,0,1,3,1,162,29,4,125,81,1.54,1871,448
105,"Reddick, J",OAK,RF,149,526,67,143,25,4,20,77,49,65,10,2,0.272,0.333,0.449,0.781,1,0,1,2,236,49,7,146,182,0.8,2296,582
106,"Giavotella, J",LAA,2B,129,453,51,123,25,5,4,49,32,59,2,1,0.272,0.318,0.375,0.694,0,2,9,6,170,34,7,158,135,1.17,1756,502
107,"Gordon, A",KC,LF,104,354,40,96,18,0,13,48,49,92,2,5,0.271,0.377,0.432,0.809,7,14,0,5,153,31,2,79,94,0.84,1683,422
108,"Young, D",BAL,RF,52,174,20,47,6,0,2,16,4,29,0,0,0.27,0.289,0.339,0.628,0,1,0,1,59,8,8,59,48,1.23,605,180
109,"Shaw, T",BOS,3B,65,226,31,61,10,0,13,36,18,57,0,1,0.27,0.327,0.487,0.813,1,2,0,2,110,23,1,51,60,0.85,1022,248
110,"Longoria, E",TB,3B,160,604,74,163,35,1,21,73,51,132,3,1,0.27,0.328,0.435,0.764,8,6,0,9,263,57,11,150,179,0.84,2536,670
111,"Aybar, E",LAA,SS,156,597,74,161,30,1,3,44,25,73,15,6,0.27,0.301,0.338,0.639,1,4,7,5,202,34,12,241,146,1.65,2155,638
112,"Jones, A",BAL,CF,137,546,74,147,25,3,27,82,24,102,3,1,0.269,0.308,0.474,0.782,3,8,0,3,259,55,21,179,142,1.26,1996,581
113,"Sano, M",MIN,RF,80,279,46,75,17,1,18,52,53,119,1,1,0.269,0.385,0.53,0.916,1,1,0,2,148,36,4,39,52,0.75,1455,335
114,"Tolleson, S",TOR,2B,19,41,9,11,5,1,0,3,4,9,2,0,0.268,0.333,0.439,0.772,0,0,0,0,18,6,1,17,5,3.4,143,45
115,"Jennings, D",TB,LF,28,97,9,26,2,1,1,7,8,17,5,3,0.268,0.324,0.34,0.664,0,1,0,2,33,4,2,39,19,2.05,418,108
116,"Wieters, M",BAL,C,75,258,24,69,14,1,8,25,21,67,0,0,0.267,0.319,0.422,0.742,0,0,0,3,109,23,4,74,55,1.35,1171,282
117,"Rosario, E",MIN,LF,122,453,60,121,18,15,13,50,15,118,11,6,0.267,0.289,0.459,0.748,3,0,3,3,208,46,5,105,120,0.88,1692,474
118,"Hoes, L",HOU,RF,8,15,1,4,0,0,0,1,1,3,0,0,0.267,0.313,0.267,0.579,0,0,0,0,4,0,0,5,3,1.67,55,16
118,"Martinez, M",CLE,LF,16,30,7,8,2,0,0,2,1,12,0,1,0.267,0.29,0.333,0.624,0,0,1,0,10,2,1,10,2,5,134,32
120,"Seager, K",SEA,3B,161,623,85,166,37,0,26,74,54,98,6,6,0.266,0.328,0.451,0.779,6,5,0,4,281,63,17,161,219,0.74,2537,686
121,"Shuck, J",CWS,RF,79,143,15,38,8,2,0,15,16,16,7,5,0.266,0.34,0.35,0.689,0,1,3,2,50,10,2,62,34,1.82,622,165
122,"Collins, T",DET,LF,60,192,18,51,11,3,4,25,13,43,2,1,0.266,0.316,0.417,0.732,0,1,1,0,80,18,2,49,52,0.94,752,207
123,"Cabrera, A",TB,SS,143,505,66,134,28,5,15,58,36,107,6,3,0.265,0.315,0.43,0.744,4,3,1,6,217,48,14,128,157,0.82,2067,551
124,"Mauer, J",MIN,1B,158,592,69,157,34,2,10,66,67,112,2,1,0.265,0.338,0.38,0.718,12,1,1,5,225,46,22,242,109,2.22,2715,666
125,"Guyer, B",TB,LF,128,332,51,88,21,2,8,28,25,61,10,4,0.265,0.359,0.413,0.771,0,24,3,1,137,31,5,95,97,0.98,1426,385
126,"Gregorius, D",NYY,SS,155,525,57,139,24,2,9,56,33,85,5,3,0.265,0.318,0.37,0.688,0,11,3,6,194,35,4,157,157,1,2093,578
127,"Urrutia, H",BAL,LF,10,34,3,9,1,0,1,6,2,3,0,0,0.265,0.306,0.382,0.688,0,0,0,0,13,2,1,14,9,1.56,121,36
128,"McCann, J",DET,C,114,401,32,106,18,5,7,41,16,90,0,1,0.264,0.297,0.387,0.683,0,3,4,1,155,30,17,139,88,1.58,1501,425
129,"Almonte, A",CLE,CF,51,178,30,47,9,5,5,20,16,33,6,0,0.264,0.321,0.455,0.776,0,0,0,2,81,19,4,65,39,1.67,729,196
130,"Trumbo, M",SEA,RF,96,334,39,88,13,0,13,41,26,93,0,0,0.263,0.316,0.419,0.735,1,0,0,1,140,26,8,74,88,0.84,1402,361
131,"Kiermaier, K",TB,CF,151,505,62,133,25,12,10,40,24,95,18,5,0.263,0.298,0.42,0.718,0,2,2,2,212,47,7,156,132,1.18,1954,535
132,"Cron, C",LAA,1B,113,378,37,99,17,1,16,51,17,82,3,1,0.262,0.3,0.439,0.739,1,5,0,3,166,34,9,112,97,1.15,1534,404
132,"O'Malley, S",SEA,LF,24,42,10,11,1,0,1,7,12,14,3,0,0.262,0.418,0.357,0.775,0,0,2,1,15,2,0,13,7,1.86,215,57
134,"Davis, C",BAL,1B,160,573,100,150,31,0,47,117,84,208,2,3,0.262,0.361,0.562,0.923,6,8,0,5,322,78,6,109,117,0.93,2786,670
135,"Escobar, E",MIN,SS,127,409,48,107,31,4,12,58,28,86,2,3,0.262,0.309,0.445,0.754,1,2,2,5,182,47,7,114,116,0.98,1762,446
136,"De Aza, A",BOS,LF,90,264,39,69,13,6,7,32,19,70,5,3,0.261,0.319,0.436,0.755,3,4,2,1,115,26,3,68,63,1.08,1177,290
137,"DeShields, D",TEX,LF,121,425,83,111,22,10,2,37,53,101,25,8,0.261,0.344,0.374,0.718,1,3,7,4,159,34,1,112,113,0.99,1923,492
138,"Bird, G",NYY,1B,46,157,26,41,9,0,11,31,19,53,0,0,0.261,0.343,0.529,0.871,0,1,0,1,83,20,1,19,46,0.41,746,178
139,"Vogt, S",OAK,C,136,445,58,116,21,3,18,71,56,97,0,2,0.261,0.341,0.443,0.783,6,2,0,8,197,42,9,115,134,0.86,2102,511
140,"Odor, R",TEX,2B,120,426,54,111,21,9,16,61,23,79,6,7,0.261,0.316,0.465,0.781,2,14,2,5,198,46,3,124,122,1.02,1755,470
141,"Perez, S",KC,C,142,531,52,138,25,0,21,70,13,82,1,0,0.26,0.28,0.426,0.706,4,4,0,5,226,46,23,179,160,1.12,1840,553
142,"Lawrie, B",OAK,3B,149,562,64,146,29,3,16,60,28,144,5,2,0.26,0.299,0.407,0.706,1,5,3,4,229,48,8,161,126,1.28,2297,602
143,"Gardner, B",NYY,LF,151,571,94,148,26,3,16,66,68,135,20,5,0.259,0.343,0.399,0.742,1,6,8,3,228,45,8,162,145,1.12,2732,656
144,"Headley, C",NYY,3B,156,580,74,150,29,1,11,62,51,135,0,2,0.259,0.324,0.369,0.693,0,7,0,4,214,41,17,169,147,1.15,2561,642
145,"Andrus, E",TEX,SS,160,596,69,154,34,2,7,62,46,78,25,9,0.258,0.309,0.357,0.667,1,2,8,9,213,43,14,206,189,1.09,2444,661
146,"Davis, R",DET,CF,112,341,55,88,16,11,8,30,22,76,18,8,0.258,0.306,0.44,0.746,0,3,1,3,150,35,5,92,94,0.98,1382,370
147,"Miller, B",SEA,SS,144,438,44,113,22,4,11,46,47,101,13,4,0.258,0.329,0.402,0.73,0,2,4,6,176,37,7,132,109,1.21,1788,497
148,"Semien, M",OAK,SS,155,556,65,143,23,7,15,45,42,132,11,5,0.257,0.31,0.405,0.715,1,1,1,1,225,45,16,140,159,0.88,2369,601
149,"Sizemore, G",TB,RF,58,175,20,45,12,0,6,27,14,37,3,3,0.257,0.318,0.429,0.746,0,2,0,1,75,18,1,40,55,0.73,711,192
150,"Freese, D",LAA,3B,121,424,53,109,27,0,14,56,31,107,1,1,0.257,0.323,0.42,0.743,0,12,0,3,178,41,12,142,81,1.75,1842,470
151,"Garcia, A",CWS,DH,148,553,66,142,17,2,13,59,36,141,7,7,0.257,0.309,0.365,0.675,3,8,0,4,202,32,13,175,112,1.56,2142,601
152,"Ellsbury, J",NYY,CF,111,452,66,116,15,2,7,33,35,86,21,9,0.257,0.318,0.345,0.663,1,7,1,3,156,24,6,131,129,1.02,1881,501
153,"Escobar, A",KC,SS,148,612,76,157,20,5,3,47,26,75,17,5,0.257,0.293,0.32,0.614,1,8,11,5,196,28,10,218,188,1.16,2311,662
154,"Santana, D",HOU,RF,14,39,6,10,2,0,2,8,2,17,2,1,0.256,0.31,0.462,0.771,0,1,0,0,18,4,1,10,3,3.33,177,42
155,"Hicks, A",MIN,CF,97,352,48,90,11,3,11,33,34,66,13,3,0.256,0.323,0.398,0.721,2,2,0,2,140,25,6,100,104,0.96,1510,390
156,"Calhoun, K",LAA,RF,159,630,78,161,23,2,26,83,45,164,4,1,0.256,0.308,0.422,0.731,1,5,2,4,266,51,6,165,152,1.09,2557,686
157,"Romine, A",DET,SS,109,184,25,47,5,0,2,15,11,46,10,5,0.255,0.307,0.315,0.622,1,3,4,1,58,7,4,65,35,1.86,756,203
158,"Gimenez, C",TEX,C,36,98,19,25,6,1,5,14,10,19,2,0,0.255,0.33,0.49,0.82,0,1,4,0,48,12,2,33,27,1.22,435,113
158,"Teixeira, M",NYY,1B,111,392,57,100,22,0,31,79,59,85,2,0,0.255,0.357,0.548,0.906,6,6,0,5,215,53,7,105,114,0.92,1815,462
160,"Castellanos, N",DET,3B,154,549,42,140,33,6,15,73,39,152,0,3,0.255,0.303,0.419,0.721,1,1,0,6,230,54,21,139,145,0.96,2317,595
161,"Rios, A",KC,RF,105,385,40,98,22,2,4,32,15,67,9,0,0.255,0.287,0.353,0.64,0,5,0,6,136,28,10,108,128,0.84,1533,411
162,"Canha, M",OAK,LF,124,441,61,112,22,3,16,70,33,96,7,2,0.254,0.315,0.426,0.742,0,8,0,3,188,41,9,118,127,0.93,1892,485
163,"Gose, A",DET,CF,140,485,73,123,24,8,5,26,45,145,23,11,0.254,0.321,0.367,0.688,0,3,2,0,178,37,11,153,78,1.96,2131,535
164,"Navarro, E",LAA,LF,54,83,9,21,4,0,0,5,5,16,0,2,0.253,0.295,0.301,0.597,1,0,0,0,25,4,5,32,19,1.68,339,88
165,"Hamilton, J",TEX,LF,50,170,22,43,8,0,8,25,10,52,0,0,0.253,0.291,0.441,0.732,0,0,0,2,75,16,1,46,32,1.44,674,182
166,"Castillo, R",BOS,LF,80,273,35,69,10,2,5,29,13,54,4,5,0.253,0.288,0.359,0.647,0,1,1,1,98,17,11,111,52,2.13,1040,289
167,"Young, C",NYY,RF,140,318,53,80,20,1,14,42,30,73,3,1,0.252,0.32,0.453,0.773,2,3,3,2,144,35,6,77,99,0.78,1418,356
168,"Butler, B",OAK,DH,151,538,63,135,28,1,15,65,52,101,0,0,0.251,0.323,0.39,0.713,4,7,0,4,210,44,26,195,137,1.42,2248,601
169,"Rodriguez, A",NYY,DH,151,523,83,131,22,1,33,86,84,145,4,0,0.25,0.356,0.486,0.842,5,6,0,7,254,56,17,152,119,1.28,2503,620
170,"Bautista, J",TOR,RF,153,543,108,136,29,3,40,114,110,106,8,2,0.25,0.377,0.536,0.913,2,5,0,8,291,72,19,143,185,0.77,2741,666
171,"Dyson, J",KC,RF,90,200,31,50,8,6,2,18,14,37,26,3,0.25,0.311,0.38,0.691,0,4,6,1,76,16,3,80,43,1.86,838,225
171,"Farmer, B",DET,P,2,4,0,1,0,0,0,0,0,3,0,0,0.25,0.25,0.25,0.5,0,0,0,0,1,0,0,0,0,-.--,17,4
171,"Figueroa, C",NYY,3B,2,8,2,2,2,0,0,0,0,0,0,0,0.25,0.25,0.5,0.75,0,0,0,0,4,2,0,3,3,1,25,8
171,"Goins, R",TOR,2B,128,376,52,94,16,4,5,45,39,83,2,1,0.25,0.318,0.354,0.672,0,1,7,5,133,25,12,147,78,1.88,1614,428
171,"Guthrie, J",KC,P,2,4,0,1,0,0,0,0,0,0,0,0,0.25,0.25,0.25,0.5,0,0,1,0,1,0,0,3,1,3,14,5
171,"Hague, M",TOR,1B,10,12,1,3,1,0,0,0,2,4,0,0,0.25,0.4,0.333,0.733,1,1,0,0,4,1,0,2,3,0.67,62,15
171,"Jimenez, U",BAL,P,4,8,0,2,0,0,0,2,0,4,0,0,0.25,0.25,0.25,0.5,0,0,0,0,2,0,0,2,0,*.**,26,8
171,"Karns, N",TB,P,2,4,1,1,0,0,1,1,0,3,0,0,0.25,0.25,1,1.25,0,0,1,0,4,1,0,1,0,*.**,18,5
171,"Kazmir, S",HOU,P,2,4,1,1,0,0,0,1,0,2,0,0,0.25,0.25,0.25,0.5,0,0,0,0,1,0,0,1,0,*.**,15,4
171,"Moore, A",CLE,C,1,4,0,1,0,0,0,1,0,2,0,0,0.25,0.25,0.25,0.5,0,0,0,0,1,0,0,0,1,0,15,4
171,"Perez, C",LAA,C,86,260,20,65,13,0,4,21,19,49,2,0,0.25,0.299,0.346,0.645,0,0,2,2,90,17,7,74,83,0.89,1076,283
171,"Presley, A",HOU,LF,8,12,1,3,0,0,0,1,1,5,0,0,0.25,0.308,0.25,0.558,0,0,0,0,3,0,0,3,1,3,57,13
171,"Robinson, S",MIN,LF,83,180,28,45,7,3,0,16,12,29,6,1,0.25,0.299,0.322,0.621,0,1,3,1,58,10,4,68,46,1.48,730,197
184,"Ramirez, H",BOS,1B,105,401,59,100,12,1,19,53,21,71,6,3,0.249,0.291,0.426,0.717,2,4,0,4,171,32,11,142,103,1.38,1588,430
185,"Orlando, P",KC,RF,86,241,31,60,14,6,7,27,5,53,3,3,0.249,0.269,0.444,0.713,0,2,2,1,107,27,0,63,68,0.93,896,251
186,"Phegley, J",OAK,C,73,225,27,56,16,1,9,34,14,51,0,0,0.249,0.3,0.449,0.749,0,3,0,1,101,26,5,54,70,0.77,870,243
187,"Bradley Jr., J",BOS,CF,74,221,43,55,17,4,10,43,27,69,3,0,0.249,0.335,0.498,0.832,0,3,1,3,110,31,5,63,43,1.47,1067,255
188,"Ramirez, A",CWS,SS,154,583,54,145,33,0,10,62,31,68,17,7,0.249,0.285,0.357,0.642,2,1,1,6,208,43,18,230,165,1.39,2185,622
189,"Smith, S",SEA,RF,136,395,54,98,31,5,12,42,47,99,0,0,0.248,0.33,0.443,0.773,4,4,1,5,175,48,15,116,103,1.13,1905,452
190,"Sogard, E",OAK,2B,120,372,40,92,12,3,1,37,23,50,6,1,0.247,0.294,0.304,0.598,1,2,3,1,113,16,9,126,117,1.08,1459,401
191,"Hanigan, R",BOS,C,54,174,28,43,8,0,2,16,20,39,0,0,0.247,0.337,0.328,0.664,0,4,1,1,57,10,6,65,35,1.86,847,201
192,"Reimold, N",BAL,LF,61,170,24,42,5,1,6,20,23,47,0,0,0.247,0.344,0.394,0.738,2,2,0,0,67,12,2,46,37,1.24,800,195
193,"Chisenhall, L",CLE,RF,106,333,38,82,19,1,7,44,23,69,4,1,0.246,0.294,0.372,0.667,3,1,2,3,124,27,0,84,103,0.82,1315,362
194,"Bourn, M",CLE,CF,95,289,29,71,12,1,0,19,29,76,13,5,0.246,0.313,0.294,0.608,0,0,7,1,85,13,2,89,63,1.41,1282,326
195,"Navarro, D",TOR,C,54,171,17,42,7,0,5,20,17,29,0,0,0.246,0.307,0.374,0.682,1,0,0,4,64,12,0,46,58,0.79,746,192
196,"Gattis, E",HOU,C,153,566,66,139,20,11,27,88,30,119,0,1,0.246,0.285,0.463,0.748,3,3,0,5,262,58,13,178,148,1.2,2102,604
197,"Martinez, V",DET,DH,120,440,39,108,20,0,11,64,31,52,0,0,0.245,0.301,0.366,0.667,8,7,0,7,161,31,18,148,157,0.94,1909,485
198,"Sandoval, P",BOS,3B,126,470,43,115,25,1,10,47,25,73,0,0,0.245,0.292,0.366,0.658,1,7,1,2,172,36,14,174,125,1.39,1848,505
199,"Plouffe, T",MIN,3B,152,573,74,140,35,4,22,86,50,124,2,1,0.244,0.307,0.435,0.742,0,4,1,4,249,61,28,178,164,1.09,2403,632
200,"Pujols, A",LAA,DH,157,602,85,147,22,0,40,95,50,72,5,3,0.244,0.307,0.48,0.787,10,6,0,3,289,62,15,199,202,0.99,2514,661
201,"Tucker, P",HOU,LF,98,300,35,73,19,0,13,33,20,68,0,2,0.243,0.297,0.437,0.734,0,3,0,0,131,32,3,86,76,1.13,1278,323
202,"Gomez, C",HOU,CF,41,149,19,36,9,0,4,13,8,31,10,3,0.242,0.288,0.383,0.67,1,2,3,1,57,13,1,40,47,0.85,596,163
203,"Alvarez, D",BAL,RF,12,29,3,7,1,0,1,1,2,8,0,0,0.241,0.29,0.379,0.67,0,0,0,0,11,2,0,6,8,0.75,98,31
204,"Martin, R",TOR,C,129,441,76,106,23,2,23,77,53,106,4,5,0.24,0.329,0.458,0.787,1,8,0,5,202,48,22,159,97,1.64,2112,507
205,"Suzuki, K",MIN,C,131,433,36,104,17,0,5,50,29,59,0,0,0.24,0.296,0.314,0.61,4,7,6,4,136,22,14,139,155,0.9,1749,479
206,"Vargas, K",MIN,1B,58,175,18,42,4,0,5,17,9,54,0,0,0.24,0.277,0.349,0.626,0,0,0,0,61,9,7,58,28,2.07,723,184
207,"Hunter, T",MIN,RF,139,521,67,125,22,0,22,81,35,105,2,5,0.24,0.293,0.409,0.702,1,6,0,5,213,44,14,174,136,1.28,2087,567
208,"Tulowitzki, T",TOR,SS,41,163,31,39,8,0,5,17,14,42,1,0,0.239,0.317,0.38,0.697,1,5,0,1,62,13,4,47,40,1.18,717,183
209,"Flowers, T",CWS,C,112,331,21,79,12,0,9,39,21,104,0,1,0.239,0.295,0.356,0.652,0,6,2,1,118,21,8,86,73,1.18,1413,361
210,"Rasmus, C",HOU,LF,137,432,67,103,23,2,25,61,47,154,2,1,0.238,0.314,0.475,0.789,0,2,1,3,205,50,6,79,106,0.75,2011,485
211,"Casali, C",TB,C,38,101,13,24,6,0,10,18,8,34,0,0,0.238,0.304,0.594,0.898,0,2,1,1,60,16,2,26,21,1.24,441,113
212,"Snider, T",BAL,LF,69,211,23,50,9,2,3,20,23,56,1,0,0.237,0.318,0.341,0.659,1,2,0,0,72,14,3,58,50,1.16,962,236
213,"Parra, G",BAL,LF,55,224,30,53,12,0,5,20,8,35,5,1,0.237,0.268,0.357,0.625,1,2,3,1,80,17,1,75,66,1.14,846,238
214,"Marisnick, J",HOU,CF,133,339,46,80,15,4,9,36,18,105,24,9,0.236,0.281,0.383,0.665,0,5,6,4,130,28,2,82,84,0.98,1449,372
215,"Sands, J",CLE,RF,50,123,11,29,5,1,4,19,9,36,0,0,0.236,0.286,0.39,0.676,0,0,0,1,48,10,0,28,31,0.9,535,133
216,"Dozier, B",MIN,2B,157,628,101,148,39,4,28,77,61,148,12,4,0.236,0.307,0.444,0.751,2,7,0,8,279,71,10,144,206,0.7,2833,704
217,"Ladendorf, T",OAK,2B,9,17,3,4,0,1,0,2,1,2,0,0,0.235,0.278,0.353,0.631,0,0,0,0,6,1,0,5,6,0.83,64,18
217,"Machado, D",DET,SS,24,68,6,16,3,0,0,5,7,14,1,0,0.235,0.307,0.279,0.586,0,0,3,0,19,3,3,30,14,2.14,287,78
219,"Joseph, C",BAL,C,100,320,38,75,16,1,11,49,27,72,0,0,0.234,0.299,0.394,0.693,2,3,3,1,126,28,7,80,104,0.77,1364,355
220,"DeJesus, D",LAA,LF,112,288,27,67,9,2,5,30,21,52,3,2,0.233,0.297,0.33,0.626,1,6,0,2,95,16,5,86,90,0.96,1195,317
221,"McCann, B",NYY,C,135,465,68,108,15,1,26,94,52,97,0,0,0.232,0.32,0.437,0.756,3,11,0,7,203,42,7,124,150,0.83,2094,535
222,"Chirinos, R",TEX,C,78,233,33,54,16,1,10,34,28,62,0,0,0.232,0.325,0.438,0.762,0,5,5,2,102,27,4,55,73,0.75,1104,273
223,"Gomes, Y",CLE,C,95,363,38,84,22,0,12,45,13,104,0,0,0.231,0.267,0.391,0.659,1,7,0,6,142,34,11,85,107,0.79,1471,389
224,"Ackley, D",NYY,RF,108,238,28,55,11,3,10,30,18,45,2,2,0.231,0.284,0.429,0.712,0,1,3,4,102,24,3,81,67,1.21,1073,264
225,"Aviles, M",CLE,SS,98,290,37,67,10,0,5,17,20,38,3,1,0.231,0.282,0.317,0.599,0,1,5,1,92,15,18,117,92,1.27,1196,317
226,"Santana, C",CLE,1B,154,550,72,127,29,2,19,85,108,122,11,3,0.231,0.357,0.395,0.752,8,3,0,5,217,50,20,177,149,1.19,2863,666
227,"Victorino, S",LAA,LF,71,178,19,41,4,2,1,7,16,32,7,0,0.23,0.308,0.292,0.601,1,5,3,2,52,7,4,47,67,0.7,774,204
228,"Johnson, M",CWS,2B,36,100,10,23,4,0,0,4,9,30,3,2,0.23,0.306,0.27,0.576,0,2,2,0,27,4,0,32,17,1.88,472,114
229,"Pirela, J",NYY,2B,37,74,7,17,3,0,1,5,2,16,1,0,0.23,0.247,0.311,0.558,0,0,1,1,23,4,4,31,16,1.94,276,78
230,"Ryan, B",NYY,3B,47,96,10,22,6,2,0,8,5,29,0,0,0.229,0.275,0.333,0.608,0,1,1,0,32,8,1,22,25,0.88,382,103
231,"Davis, I",OAK,1B,72,214,19,49,17,0,3,20,23,44,0,0,0.229,0.301,0.35,0.652,0,0,0,2,75,20,5,81,47,1.72,933,239
232,"Conger, H",HOU,C,73,201,25,46,11,0,11,33,23,63,0,1,0.229,0.311,0.448,0.759,0,2,1,2,90,22,6,48,53,0.91,930,229
233,"Perez, R",CLE,C,70,184,30,42,9,1,7,21,33,64,0,0,0.228,0.348,0.402,0.751,1,2,5,2,74,17,9,65,29,2.24,969,226
234,"Rosales, A",TEX,2B,53,114,14,26,4,0,3,7,10,30,4,4,0.228,0.296,0.342,0.638,0,1,0,0,39,7,4,33,29,1.14,508,125
235,"Gillaspie, C",LAA,3B,75,237,14,54,15,2,4,24,13,47,0,1,0.228,0.269,0.359,0.627,2,1,0,2,85,21,2,78,62,1.26,866,253
236,"Fryer, E",MIN,C,15,22,2,5,2,0,0,2,5,11,0,0,0.227,0.37,0.318,0.689,0,0,0,0,7,2,0,3,3,1,119,27
237,"Marrero, D",BOS,SS,25,53,8,12,0,0,1,3,3,19,2,1,0.226,0.268,0.283,0.551,0,0,0,0,15,1,0,12,10,1.2,216,56
238,"Smoak, J",TOR,1B,132,296,44,67,16,1,18,59,29,86,0,0,0.226,0.299,0.47,0.768,0,2,0,1,139,35,10,95,59,1.61,1262,328
239,"Morrison, L",SEA,1B,146,457,47,103,15,3,17,54,47,81,8,4,0.225,0.302,0.383,0.685,5,4,1,2,175,35,7,145,138,1.05,1940,511
240,"Souza Jr., S",TB,RF,110,373,59,84,15,1,16,40,46,144,12,6,0.225,0.318,0.399,0.717,0,5,1,1,149,32,7,78,76,1.03,1717,426
241,"Urshela, G",CLE,3B,81,267,25,60,8,1,6,21,18,58,0,1,0.225,0.279,0.33,0.608,0,2,1,0,88,15,9,82,77,1.06,1077,288
242,"Saladino, T",CWS,SS,68,236,33,53,6,4,4,20,12,51,8,2,0.225,0.267,0.335,0.602,0,2,3,1,79,14,9,91,54,1.69,932,254
243,"Sanchez, Y",CWS,2B,120,389,40,87,23,1,5,31,19,81,2,2,0.224,0.268,0.326,0.595,0,5,6,1,127,29,9,149,88,1.69,1615,420
244,"Napoli, M",TEX,1B,133,407,46,91,20,1,18,50,57,118,3,3,0.224,0.324,0.41,0.734,3,4,0,1,167,39,11,106,104,1.02,2038,469
245,"Valbuena, L",HOU,3B,132,434,62,97,18,0,25,56,50,106,1,0,0.224,0.31,0.438,0.748,1,6,0,3,190,43,13,106,141,0.75,2056,493
246,"Pompey, D",TOR,CF,34,94,17,21,8,0,2,6,7,23,5,1,0.223,0.291,0.372,0.664,0,2,0,0,35,10,1,23,28,0.82,376,103
247,"Montero, J",SEA,1B,38,112,11,25,6,0,5,19,4,32,0,0,0.223,0.25,0.411,0.661,0,0,0,0,46,11,2,30,27,1.11,384,116
248,"Alberto, H",TEX,SS,41,99,12,22,2,1,0,4,2,17,1,0,0.222,0.238,0.263,0.5,0,0,3,0,26,3,2,36,29,1.24,345,104
249,"Lowrie, J",HOU,3B,69,230,35,51,14,0,9,30,28,43,1,0,0.222,0.312,0.4,0.712,5,3,0,2,92,23,3,61,80,0.76,1086,263
250,"Beckham, T",TB,2B,82,203,24,45,7,4,9,37,13,69,3,1,0.222,0.274,0.429,0.702,0,3,0,4,87,20,3,59,37,1.59,899,223
251,"Infante, O",KC,2B,124,440,39,97,23,7,2,44,9,69,2,2,0.22,0.234,0.318,0.552,0,0,2,4,140,32,8,139,149,0.93,1557,455
252,"Soto, G",CWS,C,78,187,20,41,8,0,9,21,21,63,0,1,0.219,0.301,0.406,0.708,0,1,1,0,76,17,2,41,45,0.91,875,210
253,"Ramirez, J",CLE,3B,97,315,50,69,14,3,6,27,32,39,10,4,0.219,0.291,0.34,0.631,0,1,5,2,107,23,5,116,103,1.13,1416,355
254,"Hardy, J",BAL,SS,114,411,45,90,14,0,8,37,20,88,0,0,0.219,0.253,0.311,0.564,0,0,2,4,128,22,11,143,107,1.34,1789,437
255,"Flores, R",SEA,LF,12,32,3,7,1,0,0,0,0,4,0,0,0.219,0.219,0.25,0.469,0,0,1,0,8,1,0,11,11,1,114,33
255,"Martin, L",TEX,CF,95,288,26,63,12,0,5,25,16,69,14,5,0.219,0.264,0.313,0.576,1,2,3,1,90,17,5,98,67,1.46,1112,310
257,"Pearce, S",BAL,1B,92,294,42,64,13,1,15,40,23,69,1,1,0.218,0.289,0.422,0.711,1,7,0,1,124,29,11,75,98,0.77,1216,325
258,"Cuthbert, C",KC,3B,19,46,6,10,2,1,1,8,4,9,0,0,0.217,0.28,0.37,0.65,0,0,0,0,17,4,0,13,14,0.93,177,50
258,"Schafer, J",MIN,CF,27,69,9,15,3,0,0,5,3,23,0,3,0.217,0.25,0.261,0.511,0,0,2,0,18,3,0,22,11,2,299,74
260,"Moss, B",CLE,RF,94,337,36,73,17,1,15,50,32,106,0,0,0.217,0.288,0.407,0.695,2,3,0,3,137,33,9,67,103,0.65,1464,375
261,"Parmelee, C",BAL,1B,32,97,11,21,7,1,4,9,4,26,0,1,0.216,0.255,0.433,0.688,0,1,0,0,42,12,1,14,37,0.38,417,102
262,"Jones, G",NYY,RF,57,144,12,31,4,1,5,17,8,37,0,0,0.215,0.257,0.361,0.618,0,0,0,0,52,10,1,41,36,1.14,583,152
263,"Santana, D",MIN,CF,91,261,30,56,10,5,0,21,6,68,8,4,0.215,0.241,0.291,0.532,1,3,7,0,76,15,7,98,53,1.85,940,277
264,"Garcia, L",CWS,2B,17,14,0,3,0,0,0,1,1,7,1,0,0.214,0.267,0.214,0.481,0,0,0,0,3,0,0,4,0,*.**,62,15
264,"Kawasaki, M",TOR,2B,23,28,6,6,2,0,0,2,4,6,0,1,0.214,0.313,0.286,0.598,0,0,2,0,8,2,1,14,5,2.8,122,34
264,"Ruggiano, J",SEA,RF,36,70,8,15,4,0,2,3,11,27,3,2,0.214,0.321,0.357,0.678,0,0,0,0,25,6,0,13,15,0.87,333,81
267,"Marte, J",DET,1B,33,80,9,17,4,0,4,11,8,22,0,0,0.213,0.284,0.413,0.697,0,0,2,0,33,8,2,26,19,1.37,335,90
268,"Castro, J",HOU,C,104,337,38,71,19,0,11,31,33,115,0,0,0.211,0.283,0.365,0.648,1,2,0,3,123,30,5,73,86,0.85,1476,375
269,"Buxton, B",MIN,CF,46,129,16,27,7,1,2,6,6,44,2,2,0.209,0.25,0.326,0.576,0,1,2,0,42,10,1,27,34,0.79,513,138
270,"Beckham, G",CWS,3B,100,211,24,44,8,0,6,20,19,43,0,1,0.209,0.275,0.332,0.607,1,2,1,4,70,14,6,72,63,1.14,938,237
271,"Cabrera, E",BAL,SS,29,96,7,20,2,0,0,4,5,22,2,0,0.208,0.25,0.229,0.479,0,1,1,2,22,2,4,44,17,2.59,407,105
272,"LaRoche, A",CWS,DH,127,429,41,89,21,0,12,44,49,133,0,0,0.207,0.293,0.34,0.634,0,4,0,2,146,33,10,117,102,1.15,1907,484
273,"Muncy, M",OAK,1B,45,102,14,21,8,1,3,9,9,31,0,0,0.206,0.268,0.392,0.66,0,0,0,1,40,12,0,20,31,0.65,490,112
274,"Elmore, J",TB,1B,51,141,10,29,5,0,2,16,12,25,1,1,0.206,0.263,0.284,0.547,1,0,2,3,40,7,6,51,47,1.09,597,158
275,"Thole, J",TOR,C,18,49,5,10,2,0,0,2,3,9,0,0,0.204,0.25,0.245,0.495,0,0,0,0,12,2,2,18,14,1.29,194,52
276,"Gallo, J",TEX,3B,36,108,16,22,3,1,6,14,15,57,3,0,0.204,0.301,0.417,0.717,3,0,0,0,45,10,0,12,17,0.71,504,123
277,"Olt, M",CWS,3B,24,79,6,16,0,0,3,4,7,29,0,1,0.203,0.267,0.316,0.584,0,0,0,0,25,3,2,23,13,1.77,374,86
278,"Flaherty, R",BAL,2B,91,267,34,54,8,3,9,31,26,81,0,0,0.202,0.281,0.356,0.637,2,4,2,2,95,20,8,83,61,1.36,1149,301
279,"Lough, D",BAL,LF,84,134,14,27,1,1,4,12,5,36,2,4,0.201,0.241,0.313,0.555,0,2,3,0,42,6,0,36,38,0.95,501,144
280,"Drew, S",NYY,2B,131,383,43,77,16,1,17,44,37,71,0,2,0.201,0.271,0.381,0.652,1,1,4,3,146,34,7,113,136,0.83,1661,428
281,"Bernier, D",MIN,SS,4,5,1,1,1,0,0,2,1,3,0,0,0.2,0.333,0.4,0.733,0,0,0,0,2,1,0,0,1,0,28,6
281,"Gibson, K",MIN,P,2,5,0,1,0,0,0,0,0,2,0,0,0.2,0.2,0.2,0.4,0,0,0,0,1,0,0,2,0,*.**,15,5
281,"Kelly, J",BOS,P,2,5,0,1,0,0,0,1,0,2,0,0,0.2,0.2,0.2,0.4,0,0,0,0,1,0,0,2,0,*.**,16,5
281,"Keuchel, D",HOU,P,2,5,0,1,0,0,0,0,0,4,0,0,0.2,0.2,0.2,0.4,0,0,1,0,1,0,0,1,0,*.**,19,6
281,"Santiago, H",LAA,P,3,5,0,1,0,0,0,0,0,3,0,0,0.2,0.2,0.2,0.4,0,0,0,0,1,0,1,2,0,*.**,17,5
281,"Strausborger, R",TEX,LF,31,45,9,9,0,0,1,3,3,11,2,1,0.2,0.24,0.267,0.507,0,0,1,2,12,1,1,16,13,1.23,194,51
287,"Carter, C",HOU,1B,129,391,50,78,17,0,24,64,57,151,1,2,0.199,0.307,0.427,0.734,1,6,0,5,167,41,5,63,109,0.58,1963,460
288,"Swisher, N",CLE,DH,30,101,6,20,4,0,2,8,8,24,0,0,0.198,0.261,0.297,0.558,1,1,0,1,30,6,2,34,26,1.31,455,111
289,"Fuld, S",OAK,LF,120,290,34,57,16,3,2,22,30,55,9,3,0.197,0.276,0.293,0.569,1,2,2,1,85,21,6,126,61,2.07,1325,325
290,"Butera, D",KC,C,55,107,9,21,3,0,1,5,6,26,0,1,0.196,0.252,0.252,0.505,0,2,5,0,27,4,0,24,41,0.59,402,120
291,"Field, T",TEX,2B,14,41,6,8,1,0,2,5,2,16,1,0,0.195,0.25,0.366,0.616,0,1,1,0,15,3,0,12,6,2,196,45
292,"Kubitza, K",LAA,3B,19,36,6,7,0,0,0,1,3,15,0,0,0.194,0.256,0.194,0.451,0,0,0,0,7,0,2,9,7,1.29,166,39
293,"Nava, D",TB,RF,60,139,13,27,4,0,1,10,20,36,1,0,0.194,0.315,0.245,0.56,0,5,1,1,34,5,4,43,39,1.1,667,166
294,"Saunders, M",TOR,RF,9,31,2,6,0,0,0,3,5,10,0,0,0.194,0.306,0.194,0.499,0,0,0,0,6,0,1,13,3,4.33,159,36
295,"Rua, R",TEX,LF,28,83,10,16,5,0,4,7,3,32,0,0,0.193,0.221,0.398,0.619,0,0,0,0,33,9,2,22,15,1.47,341,86
295,"Smolinski, J",OAK,LF,76,166,24,32,7,2,6,26,19,39,1,1,0.193,0.281,0.367,0.649,0,3,0,4,61,15,3,49,53,0.92,756,192
297,"Singleton, J",HOU,1B,19,47,6,9,2,0,1,6,10,17,1,0,0.191,0.328,0.298,0.625,0,0,0,1,14,3,0,5,17,0.29,251,58
298,"Avila, A",DET,C,67,178,21,34,5,0,4,13,40,66,0,1,0.191,0.339,0.287,0.626,0,0,1,0,51,9,4,44,39,1.13,980,219
299,"Green, G",LAA,2B,21,42,6,8,0,0,1,3,2,14,0,1,0.19,0.227,0.262,0.489,1,0,0,0,11,1,2,16,6,2.67,159,44
299,"Romero, S",SEA,RF,13,21,6,4,1,0,1,3,3,6,0,0,0.19,0.292,0.381,0.673,0,0,0,0,8,2,0,4,7,0.57,113,24
301,"Wilson, B",TEX,C,56,132,8,25,5,0,1,14,11,39,0,1,0.189,0.255,0.25,0.505,0,1,2,1,33,6,1,43,29,1.48,570,147
302,"Shaffer, R",TB,3B,31,74,11,14,3,0,4,6,10,32,0,1,0.189,0.307,0.392,0.699,0,3,0,1,29,7,2,15,16,0.94,364,88
303,"Cowgill, C",LAA,LF,55,69,10,13,2,1,1,2,4,19,2,1,0.188,0.233,0.29,0.523,0,0,1,0,20,4,1,21,18,1.17,254,74
304,"Iannetta, C",LAA,C,92,272,28,51,10,0,10,34,41,83,0,1,0.188,0.293,0.335,0.628,1,1,0,3,91,20,11,69,83,0.83,1313,317
305,"Peguero, C",BOS,LF,34,75,11,14,4,0,4,9,13,37,2,0,0.187,0.311,0.4,0.711,0,1,0,1,30,8,1,11,15,0.73,371,90
306,"Leon, S",BOS,C,41,114,8,21,2,0,0,3,7,28,0,1,0.184,0.238,0.202,0.439,1,1,6,0,23,2,4,42,33,1.27,502,128
307,"Moya, S",DET,RF,9,22,1,4,0,1,0,0,3,10,0,0,0.182,0.28,0.273,0.553,0,0,0,0,6,1,0,2,6,0.33,98,25
307,"Telis, T",TEX,C,6,11,1,2,0,0,0,2,0,1,0,0,0.182,0.25,0.182,0.432,0,1,0,0,2,0,0,6,2,3,39,12
307,"Venable, W",TEX,CF,37,66,6,12,3,0,0,3,12,21,5,0,0.182,0.325,0.227,0.552,2,2,2,0,15,3,0,27,8,3.38,360,82
310,"Rivera, R",TB,C,110,298,16,53,14,0,5,26,11,86,0,0,0.178,0.213,0.275,0.489,0,3,5,2,82,19,4,80,90,0.89,1175,319
311,"Corporan, C",TEX,C,33,107,10,19,4,0,3,15,6,40,0,0,0.178,0.244,0.299,0.543,0,4,2,2,32,7,1,25,28,0.89,470,121
312,"Crisp, C",OAK,LF,44,126,11,22,6,0,0,6,13,25,2,0,0.175,0.252,0.222,0.474,0,0,0,0,28,6,2,36,45,0.8,533,139
313,"Zunino, M",SEA,C,112,350,28,61,11,0,11,28,21,132,0,1,0.174,0.23,0.3,0.53,0,5,8,2,105,22,6,74,99,0.75,1582,386
314,"Joyce, M",LAA,LF,93,247,17,43,12,1,5,21,30,67,0,3,0.174,0.272,0.291,0.564,1,4,1,2,72,18,5,68,77,0.88,1074,284
315,"Cowart, K",LAA,3B,34,46,8,8,2,0,1,4,5,19,1,1,0.174,0.255,0.283,0.538,0,0,1,0,13,3,1,15,6,2.5,209,52
316,"Maile, L",TB,C,15,35,2,6,3,0,0,2,0,8,0,0,0.171,0.171,0.257,0.429,0,0,0,0,9,3,3,13,11,1.18,127,35
317,"Taylor, C",SEA,SS,37,94,9,16,3,1,0,1,6,31,3,2,0.17,0.22,0.223,0.443,0,0,2,0,21,4,0,19,30,0.63,375,102
318,"Bauer, T",CLE,P,3,6,0,1,0,0,0,0,1,1,0,0,0.167,0.286,0.167,0.452,0,0,0,0,1,0,0,3,1,3,30,7
318,"Bonifacio, E",CWS,2B,47,78,5,13,2,0,0,4,2,27,1,4,0.167,0.198,0.192,0.39,0,1,1,0,15,2,1,26,14,1.86,310,82
318,"Gomes, J",KC,LF,12,30,2,5,2,0,0,4,3,14,0,0,0.167,0.235,0.233,0.469,0,0,0,1,7,2,1,5,8,0.63,120,34
318,"Gray, S",OAK,P,2,6,0,1,0,0,0,0,0,4,0,0,0.167,0.167,0.167,0.333,0,0,0,0,1,0,0,1,0,*.**,19,6
318,"Petit, G",NYY,2B,20,42,7,7,3,0,0,5,3,16,0,0,0.167,0.217,0.238,0.455,1,0,1,1,10,3,0,15,6,2.5,179,47
318,"Weeks Jr., R",SEA,LF,37,84,7,14,1,0,2,9,9,25,0,0,0.167,0.263,0.25,0.513,0,2,0,0,21,3,3,27,21,1.29,393,95
324,"Featherston, T",LAA,3B,101,154,23,25,5,1,2,9,7,46,4,2,0.162,0.212,0.247,0.459,0,3,4,1,38,8,3,54,37,1.46,636,169
325,"Castillo, W",SEA,C,6,25,3,4,0,0,0,2,1,5,0,0,0.16,0.179,0.16,0.339,0,0,0,2,4,0,2,10,10,1,96,28
325,"Pennington, C",TOR,SS,33,75,9,12,3,0,2,11,11,20,0,0,0.16,0.27,0.28,0.55,0,1,3,2,21,5,2,28,22,1.27,394,92
327,"Bloomquist, W",SEA,SS,35,69,2,11,1,0,0,4,2,13,1,1,0.159,0.194,0.174,0.368,0,1,0,0,12,1,2,24,23,1.04,240,72
328,"Franklin, N",TB,SS,44,101,11,16,4,1,3,7,7,37,1,0,0.158,0.213,0.307,0.52,0,0,1,0,31,8,2,19,32,0.59,432,109
329,"Sucre, J",SEA,C,50,127,9,20,6,0,1,7,6,21,0,0,0.157,0.195,0.228,0.424,0,0,9,0,29,7,6,58,43,1.35,525,142
330,"Hayes, B",CLE,C,14,32,4,5,0,0,3,6,3,7,0,0,0.156,0.229,0.438,0.666,0,0,1,0,14,3,0,7,14,0.5,138,36
331,"Diaz, J",TOR,SS,7,13,1,2,0,0,0,2,1,3,0,0,0.154,0.267,0.154,0.421,0,1,1,0,2,0,0,7,2,3.5,66,16
332,"Craig, A",BOS,1B,36,79,6,12,1,0,1,3,7,26,0,0,0.152,0.239,0.203,0.441,0,2,0,0,16,2,2,27,16,1.69,365,88
333,"Herrmann, C",MIN,C,45,103,13,15,5,1,2,10,7,37,0,0,0.146,0.214,0.272,0.486,0,2,1,0,28,8,1,30,23,1.3,435,113
334,"Buehrle, M",TOR,P,4,7,0,1,0,0,0,0,1,3,0,0,0.143,0.25,0.143,0.393,0,0,1,0,1,0,0,4,0,*.**,37,9
334,"Grossman, R",HOU,LF,24,49,7,7,2,0,1,5,5,17,0,0,0.143,0.222,0.245,0.467,0,0,0,0,12,3,0,15,10,1.5,216,54
334,"Kepler, M",MIN,RF,3,7,0,1,0,0,0,0,0,3,0,0,0.143,0.143,0.143,0.286,0,0,0,0,1,0,0,2,1,2,37,7
334,"Pena, F",KC,C,8,7,0,1,0,0,0,0,0,3,0,0,0.143,0.143,0.143,0.286,0,0,0,0,1,0,1,4,0,*.**,26,7
338,"Krauss, M",DET,1B,27,78,3,11,3,0,2,8,3,31,0,0,0.141,0.173,0.256,0.429,0,0,0,0,20,5,0,11,25,0.44,333,81
339,"Lake, J",BAL,RF,8,22,2,3,3,0,0,0,0,9,0,0,0.136,0.136,0.273,0.409,0,0,0,0,6,3,0,6,4,1.5,85,22
339,"Nieuwenhuis, K",LAA,CF,10,22,4,3,2,0,0,1,2,9,0,1,0.136,0.208,0.227,0.436,0,0,0,0,5,2,0,7,3,2.33,95,24
341,"Walters, Z",CLE,LF,12,30,0,4,0,0,0,3,0,15,0,0,0.133,0.133,0.133,0.267,0,0,0,0,4,0,0,5,6,0.83,118,30
342,"Blair, C",OAK,C,11,31,3,4,0,0,1,3,4,18,0,0,0.129,0.229,0.226,0.454,0,0,0,0,7,1,1,6,4,1.5,155,35
342,"Dykstra, A",TB,1B,13,31,3,4,0,0,1,4,6,12,0,0,0.129,0.289,0.226,0.515,0,1,0,0,7,1,2,11,6,1.83,155,38
344,"McHugh, C",HOU,P,3,8,1,1,0,0,0,0,0,4,0,0,0.125,0.125,0.125,0.25,0,0,0,0,1,0,0,1,2,0.5,31,8
345,"Brantly, R",CWS,C,14,33,3,4,1,0,1,6,2,8,0,0,0.121,0.167,0.242,0.409,0,0,0,1,8,2,1,13,10,1.3,145,36
346,"Gentry, C",OAK,LF,26,50,6,6,0,2,0,3,4,15,1,1,0.12,0.196,0.2,0.396,0,1,0,1,10,2,0,14,16,0.88,203,56
347,"Sale, C",CWS,P,3,9,1,1,0,0,0,0,0,4,0,0,0.111,0.111,0.111,0.222,0,0,0,0,1,0,0,3,1,3,35,9
347,"Walker, C",BAL,1B,7,9,0,1,0,0,0,0,3,4,0,0,0.111,0.333,0.111,0.444,0,0,0,0,1,0,0,3,1,3,48,12
347,"Walker, T",SEA,P,4,9,0,1,1,0,0,1,0,5,0,0,0.111,0.111,0.222,0.333,0,0,1,0,2,1,0,2,2,1,35,10
350,"Lavarnway, R",BAL,C,10,28,1,3,1,0,0,0,4,7,0,0,0.107,0.219,0.143,0.362,0,0,0,0,4,1,1,6,13,0.46,138,32
351,"Jones, J",SEA,CF,28,29,1,3,1,0,0,0,2,13,1,1,0.103,0.161,0.138,0.299,0,0,0,0,4,1,0,7,6,1.17,149,31
352,"Holt, T",CLE,CF,9,20,2,2,0,0,0,0,1,9,0,0,0.1,0.143,0.1,0.243,0,0,0,0,2,0,0,3,6,0.5,76,21
353,"Stubbs, D",TEX,CF,27,21,6,2,1,0,0,0,5,10,3,0,0.095,0.269,0.143,0.412,0,0,0,0,3,1,0,4,5,0.8,129,26
354,"Ross, C",OAK,RF,9,22,3,2,0,0,0,3,3,6,0,0,0.091,0.2,0.091,0.291,0,0,0,0,2,0,0,6,8,0.75,104,25
355,"Hicks, J",SEA,C,17,32,1,2,1,0,0,1,1,18,1,1,0.063,0.091,0.094,0.185,0,0,1,0,3,1,0,3,10,0.3,144,34
356,"Perez, H",DET,2B,22,33,1,2,0,0,0,0,1,11,1,0,0.061,0.088,0.061,0.149,0,0,0,0,2,0,2,11,11,1,119,34
357,"Adams, A",CLE,P,3,1,0,0,0,0,0,0,0,0,0,0,0,0,0,0,0,0,0,0,0,0,1,2,0,*.**,1,1
357,"Anderson, C",CLE,P,2,3,0,0,0,0,0,0,0,3,0,0,0,0,0,0,0,0,0,0,0,0,0,0,0,-.--,10,3
357,"Andriese, M",TB,P,2,1,0,0,0,0,0,0,0,0,0,0,0,0,0,0,0,0,0,0,0,0,0,1,0,*.**,4,1
357,"Archer, C",TB,P,2,5,0,0,0,0,0,0,0,3,0,0,0,0,0,0,0,0,0,0,0,0,0,2,0,*.**,21,5
357,"Baron, S",SEA,C,4,11,0,0,0,0,0,0,0,2,0,0,0,0,0,0,0,0,0,0,0,0,2,8,3,2.67,31,11
357,"Bassitt, C",OAK,P,1,2,0,0,0,0,0,0,0,1,0,0,0,0,0,0,0,0,0,0,0,0,0,1,0,*.**,9,2
357,"Belisario, R",BOS,P,1,1,0,0,0,0,0,0,0,0,0,0,0,0,0,0,0,0,0,0,0,0,0,0,1,0,5,1
357,"Bianchi, J",BOS,SS,3,2,0,0,0,0,0,0,0,0,0,0,0,0,0,0,0,0,0,0,0,0,0,2,0,*.**,9,2
357,"Blanton, J",KC,P,1,1,0,0,0,0,0,0,0,0,0,0,0,0,0,0,0,0,0,0,0,0,0,1,0,*.**,6,1
357,"Brooks, A",OAK,P,1,2,0,0,0,0,0,0,0,0,0,0,0,0,0,0,0,0,0,0,0,0,0,1,1,1,10,2
357,"Buchholz, C",BOS,P,2,6,0,0,0,0,0,0,0,2,0,0,0,0,0,0,0,0,0,0,0,0,0,3,1,3,30,6
357,"Calixte, O",KC,SS,2,3,1,0,0,0,0,0,0,0,0,0,0,0,0,0,0,0,0,0,0,0,0,2,1,2,9,3
357,"Capuano, C",NYY,P,2,1,0,0,0,0,0,0,0,0,0,0,0,0,0,0,0,0,0,0,0,0,0,1,0,*.**,3,1
357,"Cecchini, G",BOS,3B,2,4,0,0,0,0,0,0,0,3,0,0,0,0,0,0,0,0,0,0,0,0,0,0,1,0,13,4
357,"Choice, M",CLE,RF,1,1,0,0,0,0,0,0,0,1,0,0,0,0,0,0,0,0,0,0,0,0,0,0,0,-.--,7,1
357,"Coleman, D",KC,3B,4,5,0,0,0,0,0,0,0,3,0,0,0,0,0,0,0,0,0,0,0,0,0,0,2,0,14,5
357,"Copeland, S",TOR,P,1,1,0,0,0,0,0,0,0,1,0,0,0,0,0,0,0,0,0,0,0,0,0,0,0,-.--,6,1
357,"Dickey, R",TOR,P,2,3,0,0,0,0,0,0,0,1,0,0,0,0,0,0,0,0,1,0,0,0,0,1,2,0.5,8,4
357,"Duensing, B",MIN,P,4,1,0,0,0,0,0,0,0,0,0,0,0,0,0,0,0,0,0,0,0,0,0,1,0,*.**,2,1
357,"Eovaldi, N",NYY,P,3,5,1,0,0,0,0,0,0,2,0,0,0,0,0,0,0,0,0,0,0,0,0,2,1,2,22,5
357,"Gonzalez, M",BAL,P,1,1,0,0,0,0,0,0,0,0,0,0,0,0,0,0,0,0,0,0,0,0,0,1,0,*.**,4,1
357,"Gore, T",KC,LF,9,3,1,0,0,0,0,0,0,1,3,0,0,0.25,0,0.25,0,1,0,0,0,0,0,1,1,1,12,4
357,"Greene, S",DET,P,2,5,0,0,0,0,0,0,0,5,0,0,0,0,0,0,0,0,0,0,0,0,0,0,0,-.--,21,5
357,"Hahn, J",OAK,P,1,3,0,0,0,0,0,0,0,2,0,0,0,0,0,0,0,0,0,0,0,0,0,1,0,*.**,13,3
357,"Happ, J",SEA,P,1,1,0,0,0,0,0,0,1,0,0,0,0,0.5,0,0.5,0,0,0,0,0,0,1,2,0,*.**,6,2
357,"Hardy, B",DET,P,4,1,0,0,0,0,0,0,0,0,0,0,0,0,0,0,0,0,0,0,0,0,0,1,0,*.**,2,1
357,"Harris, W",HOU,P,4,1,0,0,0,0,0,0,0,1,0,0,0,0,0,0,0,0,0,0,0,0,0,0,0,-.--,3,1
357,"Harrison, M",TEX,P,1,2,0,0,0,0,0,0,0,1,0,0,0,0,0,0,0,0,1,0,0,0,0,2,0,*.**,11,3
357,"Heaney, A",LAA,P,2,5,0,0,0,0,0,0,0,3,0,0,0,0,0,0,0,0,1,0,0,0,0,2,1,2,19,6
357,"Hernandez, F",SEA,P,1,3,0,0,0,0,0,0,0,1,0,0,0,0,0,0,0,0,0,0,0,0,0,2,0,*.**,11,3
357,"Hernandez, R",HOU,P,1,2,1,0,0,0,0,0,1,2,0,0,0,0.333,0,0.333,0,0,0,0,0,0,0,0,0,-.--,13,3
357,"Hughes, P",MIN,P,1,3,0,0,0,0,0,0,0,0,0,0,0,0,0,0,0,0,0,0,0,0,0,3,0,*.**,14,3
357,"Iwakuma, H",SEA,P,2,2,0,0,0,0,0,0,0,2,0,0,0,0,0,0,0,0,1,0,0,0,0,1,0,*.**,8,3
357,"Jackson, R",LAA,SS,22,9,0,0,0,0,0,0,1,5,0,0,0,0.1,0,0.1,0,0,4,0,0,0,1,9,0,*.**,48,14
357,"Jimenez, L",BOS,3B,1,1,0,0,0,0,0,0,0,0,0,0,0,0,0,0,0,0,0,0,0,0,0,1,0,*.**,3,1
357,"Kluber, C",CLE,P,2,6,0,0,0,0,0,0,0,3,0,0,0,0,0,0,0,0,0,0,0,0,1,3,1,3,19,6
357,"Kratz, E",SEA,C,4,4,0,0,0,0,0,1,0,2,0,0,0,0,0,0,0,0,0,1,0,0,0,2,1,2,21,5
357,"Lewis, C",TEX,P,1,2,0,0,0,0,0,0,0,2,0,0,0,0,0,0,0,0,0,0,0,0,0,0,0,-.--,12,2
357,"Martinez, N",TEX,P,2,4,2,0,0,0,0,0,0,1,0,0,0,0,0,0,0,0,0,0,0,0,0,2,1,2,11,4
357,"May, T",MIN,P,3,3,0,0,0,0,0,0,0,3,0,0,0,0,0,0,0,0,0,0,0,0,0,0,0,-.--,12,3
357,"McCullers Jr., L",HOU,P,1,2,0,0,0,0,0,0,0,1,0,0,0,0,0,0,0,0,0,0,0,0,0,1,0,*.**,8,2
357,"Miley, W",BOS,P,1,2,0,0,0,0,0,0,0,0,0,0,0,0,0,0,0,0,0,0,0,0,0,2,0,*.**,10,2
357,"Milone, T",MIN,P,1,2,0,0,0,0,0,0,0,1,0,0,0,0,0,0,0,0,0,0,0,0,0,0,1,0,7,2
357,"Mitchell, B",NYY,P,3,1,0,0,0,0,0,0,0,1,0,0,0,0,0,0,0,0,0,0,0,0,0,0,0,-.--,6,1
357,"Montgomery, M",SEA,P,1,3,0,0,0,0,0,0,0,2,0,0,0,0,0,0,0,0,0,0,0,0,0,0,1,0,9,3
357,"Moore, M",TB,P,1,1,0,0,0,0,0,0,0,0,0,0,0,0,0,0,0,0,1,0,0,0,0,2,0,*.**,12,2
357,"Nolasco, R",MIN,P,1,3,0,0,0,0,0,0,0,3,0,0,0,0,0,0,0,0,0,0,0,0,0,0,0,-.--,14,3
357,"Norris, B",BAL,P,2,4,0,0,0,0,0,0,0,1,0,0,0,0,0,0,0,0,0,0,0,0,0,1,2,0.5,10,4
357,"Odorizzi, J",TB,P,2,4,0,0,0,0,0,0,0,2,0,0,0,0,0,0,0,0,0,0,0,0,0,2,0,*.**,16,4
357,"Owens, H",BOS,P,1,2,0,0,0,0,0,0,0,2,0,0,0,0,0,0,0,0,0,0,0,0,0,0,0,-.--,11,2
357,"Parrino, A",OAK,SS,17,6,1,0,0,0,0,0,2,5,0,0,0,0.25,0,0.25,0,0,0,0,0,0,0,0,1,0,34,8
357,"Paxton, J",SEA,P,1,2,0,0,0,0,0,0,0,2,0,0,0,0,0,0,0,0,0,0,0,0,0,0,0,-.--,6,2
357,"Perez, M",TEX,P,1,2,0,0,0,0,0,0,0,2,0,0,0,0,0,0,0,0,0,0,0,0,0,0,0,-.--,13,2
357,"Pineda, M",NYY,P,1,2,0,0,0,0,0,0,0,1,0,0,0,0,0,0,0,0,0,0,0,0,0,1,0,*.**,5,2
357,"Porcello, R",BOS,P,1,2,0,0,0,0,0,0,0,2,0,0,0,0,0,0,0,0,0,0,0,0,0,0,0,-.--,8,2
357,"Price, D",TOR,P,3,9,0,0,0,0,0,0,0,3,0,0,0,0,0,0,0,0,0,0,0,0,1,7,0,*.**,28,9
357,"Pridie, J",OAK,CF,6,9,0,0,0,0,0,0,1,4,0,0,0,0.1,0,0.1,0,0,0,0,0,0,0,3,2,1.5,35,10
357,"Quintana, J",CWS,P,4,8,0,0,0,0,0,0,0,5,0,0,0,0,0,0,0,0,1,0,0,0,0,4,0,*.**,24,9
357,"Ramirez, E",TB,P,2,2,0,0,0,0,0,0,0,2,0,0,0,0,0,0,0,0,0,0,0,0,0,0,0,-.--,8,2
357,"Ranaudo, A",TEX,P,1,2,0,0,0,0,0,0,0,2,0,0,0,0,0,0,0,0,0,0,0,0,0,0,0,-.--,9,2
357,"Rasmus, C",LAA,P,2,1,0,0,0,0,0,0,0,0,0,0,0,0,0,0,0,0,0,0,0,0,0,1,0,*.**,3,1
357,"Rodon, C",CWS,P,2,1,0,0,0,0,0,0,0,1,0,0,0,0,0,0,0,0,2,0,0,0,0,2,0,*.**,6,3
357,"Rodriguez, E",BOS,P,1,2,0,0,0,0,0,0,0,2,0,0,0,0,0,0,0,0,1,0,0,0,0,1,0,*.**,17,3
357,"Romine, A",NYY,C,1,2,0,0,0,0,0,0,0,0,0,0,0,0,0,0,0,0,0,0,0,0,0,1,1,1,7,2
357,"Sabathia, C",NYY,P,1,3,0,0,0,0,0,0,0,2,0,0,0,0,0,0,0,0,0,0,0,0,0,0,1,0,8,3
357,"Salazar, D",CLE,P,2,4,0,0,0,0,0,0,0,4,0,0,0,0,0,0,0,0,0,0,0,0,0,0,0,-.--,14,4
357,"Sanchez, A",DET,P,2,4,0,0,0,0,0,0,0,4,0,0,0,0,0,0,0,0,0,0,0,0,0,0,0,-.--,14,4
357,"Sanchez, G",NYY,C,2,2,0,0,0,0,0,0,0,1,0,0,0,0,0,0,0,0,0,0,0,0,0,0,1,0,8,2
357,"Severino, L",NYY,P,1,2,0,0,0,0,0,0,0,0,0,0,0,0,0,0,0,0,0,0,0,0,0,1,1,1,5,2
357,"Shoemaker, M",LAA,P,1,1,0,0,0,0,0,0,1,0,0,0,0,0.5,0,0.5,0,0,0,0,0,0,0,1,0,*.**,7,2
357,"Simon, A",DET,P,2,5,0,0,0,0,0,0,0,2,0,0,0,0,0,0,0,0,0,0,0,0,0,3,0,*.**,17,5
357,"Tanaka, M",NYY,P,4,7,0,0,0,0,0,0,1,2,0,0,0,0.125,0,0.125,0,0,0,0,0,0,0,5,0,*.**,39,8
357,"Tillman, C",BAL,P,1,2,0,0,0,0,0,0,0,2,0,0,0,0,0,0,0,0,0,0,0,0,0,0,0,-.--,9,2
357,"Venditte, P",TOR,P,2,1,0,0,0,0,0,0,0,1,0,0,0,0,0,0,0,0,0,0,0,0,0,0,0,-.--,8,1
357,"Ventura, Y",KC,P,3,6,0,0,0,0,0,0,0,5,0,0,0,0,0,0,0,0,0,0,0,0,0,0,1,0,27,6
357,"Volquez, E",KC,P,3,6,0,0,0,0,0,0,0,4,0,0,0,0,0,0,0,0,0,0,0,0,0,1,1,1,22,6
357,"Warren, A",NYY,P,2,3,0,0,0,0,0,0,0,1,0,0,0,0,0,0,0,0,0,0,0,0,0,1,1,1,14,3
357,"Weaver, J",LAA,P,1,2,0,0,0,0,0,0,0,1,0,0,0,0,0,0,0,0,0,0,0,0,0,0,1,0,6,2
357,"Wilson, T",BAL,P,2,2,0,0,0,0,0,0,0,0,0,0,0,0,0,0,0,0,1,0,0,0,0,2,1,2,10,3
357,"Wright, S",BOS,P,2,1,0,0,0,0,0,0,0,0,0,0,0,0,0,0,0,0,1,0,0,0,0,2,0,*.**,6,2
437,"Abad, F",OAK,P,4,0,0,0,0,0,0,0,0,0,0,0,.---,.---,.---,0,0,0,0,0,0,0,0,0,0,-.--,0,0
437,"Achter, A",MIN,P,1,0,0,0,0,0,0,0,0,0,0,0,.---,.---,.---,0,0,0,0,0,0,0,0,0,0,-.--,0,0
437,"Alburquerque, A",DET,P,6,0,0,0,0,0,0,0,0,0,0,0,.---,.---,.---,0,0,0,0,0,0,0,0,0,0,-.--,0,0
437,"Allen, C",CLE,P,4,0,0,0,0,0,0,0,0,0,0,0,.---,.---,.---,0,0,0,0,0,0,0,0,0,0,-.--,0,0
437,"Almonte, M",KC,P,1,0,0,0,0,0,0,0,0,0,0,0,.---,.---,.---,0,0,0,0,0,0,0,0,0,0,-.--,0,0
437,"Alvarez, J",LAA,P,3,0,0,0,0,0,0,0,0,0,0,0,.---,.---,.---,0,0,0,0,0,0,0,0,0,0,-.--,0,0
437,"Bailey, A",NYY,P,1,0,0,0,0,0,0,0,0,0,0,0,.---,.---,.---,0,0,0,0,0,0,0,0,0,0,-.--,0,0
437,"Balfour, G",TB,P,2,0,0,0,0,0,0,0,0,0,0,0,.---,.---,.---,0,0,0,0,0,0,0,0,0,0,-.--,0,0
437,"Barnes, M",BOS,P,1,0,0,0,0,0,0,0,0,0,0,0,.---,.---,.---,0,0,0,0,0,0,0,0,0,0,-.--,0,0
437,"Bass, A",TEX,P,3,0,0,0,0,0,0,0,0,0,0,0,.---,.---,.---,0,0,0,0,0,0,0,0,0,0,-.--,0,0
437,"Bedrosian, C",LAA,P,1,0,0,0,0,0,0,0,0,0,0,0,.---,.---,.---,0,0,0,0,0,0,0,0,0,0,-.--,0,0
437,"Beimel, J",SEA,P,3,0,0,0,0,0,0,0,0,0,0,0,.---,.---,.---,0,0,0,0,0,0,0,0,0,0,-.--,0,0
437,"Beliveau, J",TB,P,3,0,0,0,0,0,0,0,0,0,0,0,.---,.---,.---,0,0,0,0,0,0,0,0,0,0,-.--,0,0
437,"Betances, D",NYY,P,5,0,0,0,0,0,0,0,0,0,0,0,.---,.---,.---,0,0,0,0,0,0,0,0,0,0,-.--,0,0
437,"Boxberger, B",TB,P,8,0,0,0,0,0,0,0,0,0,0,0,.---,.---,.---,0,0,0,0,0,0,0,0,0,0,-.--,0,0
437,"Boyd, M",DET,P,1,0,0,0,0,0,0,0,0,0,0,0,.---,.---,.---,0,0,0,0,0,0,0,0,0,0,-.--,0,0
437,"Boyer, B",MIN,P,7,0,0,0,0,0,0,0,0,0,0,0,.---,.---,.---,0,0,0,0,0,0,0,0,0,0,-.--,0,0
437,"Brach, B",BAL,P,5,0,0,0,0,0,0,0,0,0,0,0,.---,.---,.---,0,0,0,0,0,0,0,0,0,0,-.--,0,0
437,"Breslow, C",BOS,P,5,0,0,0,0,0,0,0,0,0,0,0,.---,.---,.---,0,0,0,0,0,0,0,0,0,0,-.--,0,0
437,"Britton, Z",BAL,P,2,0,0,0,0,0,0,0,0,0,0,0,.---,.---,.---,0,0,0,0,0,0,0,0,0,0,-.--,0,0
437,"Carpenter, D",NYY,P,2,0,0,0,0,0,0,0,0,0,0,0,.---,.---,.---,0,0,0,0,0,0,0,0,0,0,-.--,0,0
437,"Carroll, S",CWS,P,1,0,0,0,0,0,0,0,0,0,0,0,.---,.---,.---,0,0,0,0,0,0,0,0,0,0,-.--,0,0
437,"Castro, A",OAK,P,1,0,0,0,0,0,0,0,0,0,0,0,.---,.---,.---,0,0,0,0,0,0,0,0,0,0,-.--,0,0
437,"Cecil, B",TOR,P,4,0,0,0,0,0,0,0,0,0,0,0,.---,.---,.---,0,0,0,0,0,0,0,0,0,0,-.--,0,0
437,"Cedeno, X",TB,P,5,0,0,0,0,0,0,0,0,0,0,0,.---,.---,.---,0,0,0,0,0,0,0,0,0,0,-.--,0,0
437,"Chamberlain, J",KC,P,3,0,0,0,0,0,0,0,0,0,0,0,.---,.---,.---,0,0,0,0,0,0,0,0,0,0,-.--,0,0
437,"Clippard, T",OAK,P,1,0,0,0,0,0,0,0,0,0,0,0,.---,.---,.---,0,0,0,0,0,0,0,0,0,0,-.--,0,0
437,"Colome, A",TB,P,1,0,0,0,0,0,0,0,0,0,0,0,.---,.---,.---,0,0,0,0,0,0,0,0,0,0,-.--,0,0
437,"Cook, R",BOS,P,2,0,0,0,0,0,0,0,0,0,0,0,.---,.---,.---,0,0,0,0,0,0,0,0,0,0,-.--,0,0
437,"Cotham, C",NYY,P,1,0,0,0,0,0,0,0,0,0,0,0,.---,.---,.---,0,0,0,0,0,0,0,0,0,0,-.--,0,0
437,"Cotts, N",MIN,P,1,0,0,0,0,0,0,0,0,0,0,0,.---,.---,.---,0,0,0,0,0,0,0,0,0,0,-.--,0,0
437,"Crockett, K",CLE,P,3,0,0,0,0,0,0,0,0,0,0,0,.---,.---,.---,0,0,0,0,0,0,0,0,0,0,-.--,0,0
437,"Davies, K",NYY,P,1,0,0,0,0,0,0,0,0,0,0,0,.---,.---,.---,0,0,0,0,0,0,0,0,0,0,-.--,0,0
437,"Davis, W",KC,P,7,0,0,0,0,0,0,0,0,0,0,0,.---,.---,.---,0,0,0,0,0,0,0,0,0,0,-.--,0,0
437,"Delabar, S",TOR,P,1,0,0,0,0,0,0,0,0,0,0,0,.---,.---,.---,0,0,0,0,0,0,0,0,0,0,-.--,0,0
437,"Detwiler, R",TEX,P,1,0,0,0,0,0,0,0,0,0,0,0,.---,.---,.---,0,0,0,0,0,0,0,0,0,0,-.--,0,0
437,"Diekman, J",TEX,P,1,0,0,0,0,0,0,0,0,0,0,0,.---,.---,.---,0,0,0,0,0,0,0,0,0,0,-.--,0,0
437,"Dominguez, J",TB,P,1,0,0,0,0,0,0,0,0,0,0,0,.---,.---,.---,0,0,0,0,0,0,0,0,0,0,-.--,0,0
437,"Doolittle, S",OAK,P,1,0,0,0,0,0,0,0,0,0,0,0,.---,.---,.---,0,0,0,0,0,0,0,0,0,0,-.--,0,0
437,"Drake, O",BAL,P,1,0,0,0,0,0,0,0,0,0,0,0,.---,.---,.---,0,0,0,0,0,0,0,0,0,0,-.--,0,0
437,"Duke, Z",CWS,P,6,0,0,0,0,0,0,0,0,0,0,0,.---,.---,.---,0,0,0,0,0,0,0,0,0,0,-.--,0,0
437,"Dyson, S",TEX,P,2,0,0,0,0,0,0,0,0,0,0,0,.---,.---,.---,0,0,0,0,0,0,0,0,0,0,-.--,0,0
437,"Edwards, J",TEX,P,2,0,0,0,0,0,0,0,0,0,0,0,.---,.---,.---,0,0,0,0,0,0,0,0,0,0,-.--,0,0
437,"Farquhar, D",SEA,P,1,0,0,0,0,0,0,0,0,0,0,0,.---,.---,.---,0,0,0,0,0,0,0,0,0,0,-.--,0,0
437,"Faulkner, A",TEX,P,1,0,0,0,0,0,0,0,0,0,0,0,.---,.---,.---,0,0,0,0,0,0,0,0,0,0,-.--,0,0
437,"Feliz, M",HOU,P,1,0,0,0,0,0,0,0,0,0,0,0,.---,.---,.---,0,0,0,0,0,0,0,0,0,0,-.--,0,0
437,"Feliz, N",DET,P,2,0,0,0,0,0,0,0,0,0,0,0,.---,.---,.---,0,0,0,0,0,0,0,0,0,0,-.--,0,0
437,"Fields, J",HOU,P,4,0,0,0,0,0,0,0,0,0,0,0,.---,.---,.---,0,0,0,0,0,0,0,0,0,0,-.--,0,0
437,"Fien, C",MIN,P,3,0,0,0,0,0,0,0,0,0,0,0,.---,.---,.---,0,0,0,0,0,0,0,0,0,0,-.--,0,0
437,"Frasor, J",KC,P,2,0,0,0,0,0,0,0,0,0,0,0,.---,.---,.---,0,0,0,0,0,0,0,0,0,0,-.--,0,0
437,"Freeman, S",TEX,P,4,0,0,0,0,0,0,0,0,0,0,0,.---,.---,.---,0,0,0,0,0,0,0,0,0,0,-.--,0,0
437,"Frieri, E",TB,P,4,0,0,0,0,0,0,0,0,0,0,0,.---,.---,.---,0,0,0,0,0,0,0,0,0,0,-.--,0,0
437,"Furbush, C",SEA,P,5,0,0,0,0,0,0,0,0,0,0,0,.---,.---,.---,0,0,0,0,0,0,0,0,0,0,-.--,0,0
437,"Garcia, J",BAL,P,3,0,0,0,0,0,0,0,1,0,0,0,.---,1,.---,1,0,0,0,0,0,0,0,0,0,-.--,4,1
437,"Gausman, K",BAL,P,1,0,0,0,0,0,0,0,0,0,0,0,.---,.---,.---,0,0,0,0,0,0,0,0,0,0,-.--,0,0
437,"Geltz, S",TB,P,7,0,0,0,0,0,0,0,0,0,0,0,.---,.---,.---,0,0,0,0,0,0,0,0,0,0,-.--,0,0
437,"Givens, M",BAL,P,1,0,0,0,0,0,0,0,0,0,0,0,.---,.---,.---,0,0,0,0,0,0,0,0,0,0,-.--,0,0
437,"Gomes, B",TB,P,4,0,0,0,0,0,0,0,0,0,0,0,.---,.---,.---,0,0,0,0,0,0,0,0,0,0,-.--,0,0
437,"Goody, N",NYY,P,1,0,0,0,0,0,0,0,0,0,0,0,.---,.---,.---,0,0,0,0,0,0,0,0,0,0,-.--,0,0
437,"Gorzelanny, T",DET,P,5,0,0,0,0,0,0,0,0,0,0,0,.---,.---,.---,0,0,0,0,0,0,0,0,0,0,-.--,0,0
437,"Gott, T",LAA,P,6,0,0,0,0,0,0,0,0,0,0,0,.---,.---,.---,0,0,0,0,0,0,0,0,0,0,-.--,0,0
437,"Graham, J",MIN,P,4,0,0,0,0,0,0,0,0,0,0,0,.---,.---,.---,0,0,0,0,0,0,0,0,0,0,-.--,0,0
437,"Graveman, K",OAK,P,1,0,0,0,0,0,0,0,0,0,0,0,.---,.---,.---,0,0,0,0,0,0,0,0,0,0,-.--,0,0
437,"Gregerson, L",HOU,P,3,0,0,0,0,0,0,0,0,0,0,0,.---,.---,.---,0,0,0,0,0,0,0,0,0,0,-.--,0,0
437,"Guaipe, M",SEA,P,2,0,0,0,0,0,0,0,0,0,0,0,.---,.---,.---,0,0,0,0,0,0,0,0,0,0,-.--,0,0
437,"Guerra, J",CWS,P,1,0,0,0,0,0,0,0,0,0,0,0,.---,.---,.---,0,0,0,0,0,0,0,0,0,0,-.--,0,0
437,"Hagadone, N",CLE,P,1,0,0,0,0,0,0,0,0,0,0,0,.---,.---,.---,0,0,0,0,0,0,0,0,0,0,-.--,0,0
437,"Hawkins, L",TOR,P,1,0,0,0,0,0,0,0,0,0,0,0,.---,.---,.---,0,0,0,0,0,0,0,0,0,0,-.--,0,0
437,"Hembree, H",BOS,P,2,0,0,0,0,0,0,0,0,0,0,0,.---,.---,.---,0,0,0,0,0,0,0,0,0,0,-.--,0,0
437,"Hendriks, L",TOR,P,5,0,0,0,0,0,0,0,1,0,0,0,.---,1,.---,1,0,0,0,0,0,0,0,0,0,-.--,6,1
437,"Herrera, K",KC,P,9,0,0,0,0,0,0,0,0,0,0,0,.---,.---,.---,0,0,0,0,0,0,0,0,0,0,-.--,0,0
437,"Hochevar, L",KC,P,5,0,0,0,0,0,0,0,0,0,0,0,.---,.---,.---,0,0,0,0,0,0,0,0,0,0,-.--,0,0
437,"Holland, G",KC,P,3,0,0,0,0,0,0,0,0,0,0,0,.---,.---,.---,0,0,0,0,0,0,0,0,0,0,-.--,0,0
437,"Hunter, T",BAL,P,2,0,0,0,0,0,0,0,0,0,0,0,.---,.---,.---,0,0,0,0,0,0,0,0,0,0,-.--,0,0
437,"Hutchison, D",TOR,P,1,0,0,0,0,0,0,0,0,0,0,0,.---,.---,.---,0,0,0,0,0,0,0,0,0,0,-.--,0,0
437,"Jepsen, K",MIN,P,8,0,0,0,0,0,0,0,0,0,0,0,.---,.---,.---,0,0,0,0,0,0,0,0,0,0,-.--,0,0
437,"Kela, K",TEX,P,6,0,0,0,0,0,0,0,0,0,0,0,.---,.---,.---,0,0,0,0,0,0,0,0,0,0,-.--,0,0
437,"Knudson, G",DET,P,1,0,0,0,0,0,0,0,0,0,0,0,.---,.---,.---,0,0,0,0,0,0,0,0,0,0,-.--,0,0
437,"Krol, I",DET,P,2,0,0,0,0,0,0,0,0,0,0,0,.---,.---,.---,0,0,0,0,0,0,0,0,0,0,-.--,0,0
437,"Layne, T",BOS,P,9,0,0,0,0,0,0,0,0,0,0,0,.---,.---,.---,0,0,0,0,0,0,0,0,0,0,-.--,0,0
437,"Leone, D",SEA,P,1,0,0,0,0,0,0,0,0,0,0,0,.---,.---,.---,0,0,0,0,0,0,0,0,0,0,-.--,0,0
437,"Loup, A",TOR,P,2,0,0,0,0,0,0,0,0,0,0,0,.---,.---,.---,0,0,0,0,0,0,0,0,0,0,-.--,0,0
437,"Lowe, M",TOR,P,4,0,0,0,0,0,0,0,0,0,0,0,.---,.---,.---,0,0,0,0,0,0,0,0,0,0,-.--,0,0
437,"Machi, J",BOS,P,3,0,0,0,0,0,0,0,0,0,0,0,.---,.---,.---,0,0,0,0,0,0,0,0,0,0,-.--,0,0
437,"Madson, R",KC,P,7,0,0,0,0,0,0,0,0,0,0,0,.---,.---,.---,0,0,0,0,0,0,0,0,0,0,-.--,0,0
437,"Manship, J",CLE,P,4,0,0,0,0,0,0,0,0,0,0,0,.---,.---,.---,0,0,0,0,0,0,0,0,0,0,-.--,0,0
437,"Martin, C",NYY,P,2,0,0,0,0,0,0,0,0,0,0,0,.---,.---,.---,0,0,0,0,0,0,0,0,0,0,-.--,0,0
437,"Matusz, B",BAL,P,5,0,0,0,0,0,0,0,0,0,0,0,.---,.---,.---,0,0,0,0,0,0,0,0,0,0,-.--,0,0
437,"McAllister, Z",CLE,P,7,0,0,0,0,0,0,0,0,0,0,0,.---,.---,.---,0,0,0,0,0,0,0,0,0,0,-.--,0,0
437,"McFarland, T",BAL,P,1,0,0,0,0,0,0,0,0,0,0,0,.---,.---,.---,0,0,0,0,0,0,0,0,0,0,-.--,0,0
437,"McGee, J",TB,P,4,0,0,0,0,0,0,0,0,0,0,0,.---,.---,.---,0,0,0,0,0,0,0,0,0,0,-.--,0,0
437,"Medina, Y",SEA,P,1,0,0,0,0,0,0,0,0,0,0,0,.---,.---,.---,0,0,0,0,0,0,0,0,0,0,-.--,0,0
437,"Medlen, K",KC,P,2,0,1,0,0,0,0,0,0,0,0,0,.---,.---,.---,0,0,0,1,0,0,0,0,1,0,*.**,2,1
437,"Mendez, R",BOS,P,2,0,0,0,0,0,0,0,0,0,0,0,.---,.---,.---,0,0,0,0,0,0,0,0,0,0,-.--,0,0
437,"Meyer, A",MIN,P,2,0,0,0,0,0,0,0,0,0,0,0,.---,.---,.---,0,0,0,0,0,0,0,0,0,0,-.--,0,0
437,"Miller, A",NYY,P,5,0,0,0,0,0,0,0,0,0,0,0,.---,.---,.---,0,0,0,0,0,0,0,0,0,0,-.--,0,0
437,"Morales, F",KC,P,6,0,0,0,0,0,0,0,0,0,0,0,.---,.---,.---,0,0,0,0,0,0,0,0,0,0,-.--,0,0
437,"Morin, M",LAA,P,2,0,0,0,0,0,0,0,0,0,0,0,.---,.---,.---,0,0,0,0,0,0,0,0,0,0,-.--,0,0
437,"Mujica, E",OAK,P,4,0,0,0,0,0,0,0,0,0,0,0,.---,.---,.---,0,0,0,0,0,0,0,0,0,0,-.--,0,0
437,"Nesbitt, A",DET,P,2,0,0,0,0,0,0,0,0,0,0,0,.---,.---,.---,0,0,0,0,0,0,0,0,0,0,-.--,0,0
437,"Neshek, P",HOU,P,5,0,0,0,0,0,0,0,0,0,0,0,.---,.---,.---,0,0,0,0,0,0,0,0,0,0,-.--,0,0
437,"Noesi, H",CWS,P,2,0,0,0,0,0,0,0,0,0,0,0,.---,.---,.---,0,0,0,0,0,0,0,0,0,0,-.--,0,0
437,"O'Day, D",BAL,P,5,0,0,0,0,0,0,0,0,0,0,0,.---,.---,.---,0,0,0,0,0,0,0,0,0,0,-.--,0,0
437,"O'Flaherty, E",OAK,P,5,0,0,0,0,0,0,0,0,0,0,0,.---,.---,.---,0,0,0,0,0,0,0,0,0,0,-.--,0,0
437,"Oberholtzer, B",HOU,P,1,0,0,0,0,0,0,0,1,0,0,0,.---,1,.---,1,0,0,2,0,0,0,0,2,0,*.**,9,3
437,"Ogando, A",BOS,P,4,0,0,0,0,0,0,0,0,0,0,0,.---,.---,.---,0,0,0,0,0,0,0,0,0,0,-.--,0,0
437,"Ohlendorf, R",TEX,P,1,0,0,0,0,0,0,0,0,0,0,0,.---,.---,.---,0,0,0,0,0,0,0,0,0,0,-.--,0,0
437,"Olson, T",SEA,P,2,0,0,0,0,0,0,0,0,0,0,0,.---,.---,.---,0,0,0,0,0,0,0,0,0,0,-.--,0,0
437,"Osuna, R",TOR,P,4,0,0,0,0,0,0,0,0,0,0,0,.---,.---,.---,0,0,0,0,0,0,0,0,0,0,-.--,0,0
437,"Otero, D",OAK,P,2,0,0,0,0,0,0,0,0,0,0,0,.---,.---,.---,0,0,0,0,0,0,0,0,0,0,-.--,0,0
437,"Patton, S",TEX,P,2,0,0,0,0,0,0,0,0,0,0,0,.---,.---,.---,0,0,0,0,0,0,0,0,0,0,-.--,0,0
437,"Pazos, J",NYY,P,2,0,0,0,0,0,0,0,0,0,0,0,.---,.---,.---,0,0,0,0,0,0,0,0,0,0,-.--,0,0
437,"Perez, O",HOU,P,3,0,0,0,0,0,0,0,0,0,0,0,.---,.---,.---,0,0,0,0,0,0,0,0,0,0,-.--,0,0
437,"Perkins, G",MIN,P,4,0,0,0,0,0,0,0,0,0,0,0,.---,.---,.---,0,0,0,0,0,0,0,0,0,0,-.--,0,0
437,"Pestano, V",LAA,P,1,0,0,0,0,0,0,0,0,0,0,0,.---,.---,.---,0,0,0,0,0,0,0,0,0,0,-.--,0,0
437,"Petricka, J",CWS,P,5,0,0,0,0,0,0,0,0,0,0,0,.---,.---,.---,0,0,0,0,0,0,0,0,0,0,-.--,0,0
437,"Pimentel, S",TEX,P,1,0,0,0,0,0,0,0,0,0,0,0,.---,.---,.---,0,0,0,0,0,0,0,0,0,0,-.--,0,0
437,"Pomeranz, D",OAK,P,6,0,0,0,0,0,0,0,0,0,0,0,.---,.---,.---,0,0,0,0,0,0,0,0,0,0,-.--,0,0
437,"Pressly, R",MIN,P,6,0,0,0,0,0,0,0,0,0,0,0,.---,.---,.---,0,0,0,0,0,0,0,0,0,0,-.--,0,0
437,"Putnam, Z",CWS,P,3,0,0,0,0,0,0,0,0,0,0,0,.---,.---,.---,0,0,0,0,0,0,0,0,0,0,-.--,0,0
437,"Qualls, C",HOU,P,4,0,0,0,0,0,0,0,0,0,0,0,.---,.---,.---,0,0,0,0,0,0,0,0,0,0,-.--,0,0
437,"Ramirez, J",SEA,P,2,0,0,0,0,0,0,0,0,0,0,0,.---,.---,.---,0,0,0,0,0,0,0,0,0,0,-.--,0,0
437,"Ramos, C",LAA,P,6,0,0,0,0,0,0,0,0,0,0,0,.---,.---,.---,0,0,0,0,0,0,0,0,0,0,-.--,0,0
437,"Rasmussen, R",SEA,P,5,0,0,0,0,0,0,0,0,0,0,0,.---,.---,.---,0,0,0,0,0,0,0,0,0,0,-.--,0,0
437,"Robertson, D",CWS,P,5,0,0,0,0,0,0,0,0,0,0,0,.---,.---,.---,0,0,0,0,0,0,0,0,0,0,-.--,0,0
437,"Rodney, F",SEA,P,8,0,0,0,0,0,0,0,0,0,0,0,.---,.---,.---,0,0,0,0,0,0,0,0,0,0,-.--,0,0
437,"Rodriguez, F",OAK,P,6,0,0,0,0,0,0,0,0,0,0,0,.---,.---,.---,0,0,0,0,0,0,0,0,0,0,-.--,0,0
437,"Roe, C",BAL,P,3,0,0,0,0,0,0,0,0,0,0,0,.---,.---,.---,0,0,0,0,0,0,0,0,0,0,-.--,0,0
437,"Rogers, E",NYY,P,1,0,0,0,0,0,0,0,0,0,0,0,.---,.---,.---,0,0,0,0,0,0,0,0,0,0,-.--,0,0
437,"Rondon, B",DET,P,1,0,0,0,0,0,0,0,0,0,0,0,.---,.---,.---,0,0,0,0,0,0,0,0,0,0,-.--,0,0
437,"Ross Jr., R",BOS,P,5,0,0,0,0,0,0,0,0,0,0,0,.---,.---,.---,0,0,0,0,0,0,0,0,0,0,-.--,0,0
437,"Rucinski, D",LAA,P,1,0,0,0,0,0,0,0,0,0,0,0,.---,.---,.---,0,0,0,0,0,0,0,0,0,0,-.--,0,0
437,"Rumbelow, N",NYY,P,1,0,0,0,0,0,0,0,0,0,0,0,.---,.---,.---,0,0,0,0,0,0,0,0,0,0,-.--,0,0
437,"Rzepczynski, M",CLE,P,4,0,0,0,0,0,0,0,0,0,0,0,.---,.---,.---,0,0,0,0,0,0,0,0,0,0,-.--,0,0
437,"Salas, F",LAA,P,6,0,0,0,0,0,0,0,0,0,0,0,.---,.---,.---,0,0,0,0,0,0,0,0,0,0,-.--,0,0
437,"Sanchez, A",TOR,P,2,0,0,0,0,0,0,0,0,0,0,0,.---,.---,.---,0,0,0,0,0,0,0,0,0,0,-.--,0,0
437,"Santos, S",NYY,P,1,0,0,0,0,0,0,0,0,0,0,0,.---,.---,.---,0,0,0,0,0,0,0,0,0,0,-.--,0,0
437,"Scheppers, T",TEX,P,5,0,0,0,0,0,0,0,0,0,0,0,.---,.---,.---,0,0,0,0,0,0,0,0,0,0,-.--,0,0
437,"Schultz, B",TOR,P,3,0,0,0,0,0,0,0,0,0,0,0,.---,.---,.---,0,0,0,0,0,0,0,0,0,0,-.--,0,0
437,"Scribner, E",OAK,P,2,0,0,0,0,0,0,0,0,0,0,0,.---,.---,.---,0,0,0,0,0,0,0,0,0,0,-.--,0,0
437,"Shaw, B",CLE,P,3,0,0,0,0,0,0,0,0,0,0,0,.---,.---,.---,0,0,0,0,0,0,0,0,0,0,-.--,0,0
437,"Shreve, C",NYY,P,3,0,0,0,0,0,0,0,0,0,0,0,.---,.---,.---,0,0,0,0,0,0,0,0,0,0,-.--,0,0
437,"Sipp, T",HOU,P,3,0,0,0,0,0,0,0,0,0,0,0,.---,.---,.---,0,0,0,0,0,0,0,0,0,0,-.--,0,0
437,"Smith, C",SEA,P,6,0,0,0,0,0,0,0,0,0,0,0,.---,.---,.---,0,0,0,0,0,0,0,0,0,0,-.--,0,0
437,"Smith, J",LAA,P,4,0,0,0,0,0,0,0,0,0,0,0,.---,.---,.---,0,0,0,0,0,0,0,0,0,0,-.--,0,0
437,"Soria, J",DET,P,4,0,0,0,0,0,0,0,0,0,0,0,.---,.---,.---,0,0,0,0,0,0,0,0,0,0,-.--,0,0
437,"Street, H",LAA,P,4,0,0,0,0,0,0,0,0,0,0,0,.---,.---,.---,0,0,0,0,0,0,0,0,0,0,-.--,0,0
437,"Tazawa, J",BOS,P,5,0,0,0,0,0,0,0,0,0,0,0,.---,.---,.---,0,0,0,0,0,0,0,0,0,0,-.--,0,0
437,"Tepera, R",TOR,P,2,0,0,0,0,0,0,0,0,0,0,0,.---,.---,.---,0,0,0,0,0,0,0,0,0,0,-.--,0,0
437,"Thatcher, J",HOU,P,4,0,0,0,0,0,0,0,0,0,0,0,.---,.---,.---,0,0,0,0,0,0,0,0,0,0,-.--,0,0
437,"Thompson, A",MIN,P,6,0,0,0,0,0,0,0,0,0,0,0,.---,.---,.---,0,0,0,0,0,0,0,0,0,0,-.--,0,0
437,"Tolleson, S",TEX,P,4,0,0,0,0,0,0,0,0,0,0,0,.---,.---,.---,0,0,0,0,0,0,0,0,0,0,-.--,0,0
437,"Tonkin, M",MIN,P,2,0,0,0,0,0,0,0,0,0,0,0,.---,.---,.---,0,0,0,0,0,0,0,0,0,0,-.--,0,0
437,"Uehara, K",BOS,P,2,0,0,0,0,0,0,0,0,0,0,0,.---,.---,.---,0,0,0,0,0,0,0,0,0,0,-.--,0,0
437,"Velasquez, V",HOU,P,1,0,0,0,0,0,0,0,0,0,0,0,.---,.---,.---,0,0,0,0,0,0,0,0,0,0,-.--,0,0
437,"VerHagen, D",DET,P,1,0,0,0,0,0,0,0,0,0,0,0,.---,.---,.---,0,0,0,0,0,0,0,0,0,0,-.--,0,0
437,"Verrett, L",TEX,P,1,0,0,0,0,0,0,0,0,0,0,0,.---,.---,.---,0,0,0,0,0,0,0,0,0,0,-.--,0,0
437,"Webb, D",CWS,P,3,0,0,0,0,0,0,0,0,0,0,0,.---,.---,.---,0,0,0,0,0,0,0,0,0,0,-.--,0,0
437,"Webb, R",CLE,P,4,0,0,0,0,0,0,0,0,0,0,0,.---,.---,.---,0,0,0,0,0,0,0,0,0,0,-.--,0,0
437,"Wilhelmsen, T",SEA,P,6,0,0,0,0,0,0,0,0,0,0,0,.---,.---,.---,0,0,0,0,0,0,0,0,0,0,-.--,0,0
437,"Wilson, A",DET,P,3,0,0,0,0,0,0,0,0,0,0,0,.---,.---,.---,0,0,0,0,0,0,0,0,0,0,-.--,0,0
437,"Wilson, J",NYY,P,6,0,0,0,0,0,0,0,0,0,0,0,.---,.---,.---,0,0,0,0,0,0,0,0,0,0,-.--,0,0
437,"Yates, K",TB,P,3,0,0,0,0,0,0,0,0,0,0,0,.---,.---,.---,0,0,0,0,0,0,0,0,0,0,-.--,0,0
